tvseries_id,network_id
0,120
1,398
2,49
3,387
4,300
4,401
5,204
6,377
7,445
8,377
9,34
10,80
11,445
12,471
13,347
14,49
15,49
16,49
17,34
18,377
18,115
18,446
19,327
20,327
21,327
21,267
22,125
22,1
22,143
22,387
22,82
22,327
22,24
22,34
23,144
24,240
24,120
25,204
26,120
27,469
28,34
29,260
30,439
31,439
32,359
33,128
34,401
35,377
36,377
37,439
38,377
39,377
40,439
41,377
42,439
43,34
44,204
45,439
46,1
46,204
46,14
47,416
47,379
48,49
49,469
50,1
51,387
52,128
53,445
54,144
55,446
56,445
57,239
57,81
57,245
58,379
59,446
60,387
61,439
62,115
63,115
64,387
65,115
66,439
67,49
68,34
69,215
70,439
71,144
72,49
73,46
74,377
75,267
76,120
77,439
78,34
79,49
80,34
81,439
82,144
83,377
84,439
85,359
86,181
87,49
88,34
89,295
90,439
91,439
92,377
93,377
94,446
95,115
96,34
97,49
98,469
99,401
100,120
101,49
102,34
103,377
104,445
105,366
106,271
107,94
108,34
109,377
110,469
111,377
112,49
113,204
114,451
114,1
114,387
115,94
116,49
117,144
119,439
120,34
121,377
122,14
123,49
124,451
124,34
125,53
126,49
127,337
128,377
129,267
130,145
131,446
132,128
133,49
134,271
134,446
135,128
136,377
137,204
137,387
138,49
139,362
139,176
139,139
140,439
140,377
141,49
142,260
143,49
144,445
145,377
146,49
147,49
148,21
149,168
149,89
149,446
150,439
151,24
151,144
152,94
153,243
153,34
154,24
155,327
156,204
157,439
158,377
159,144
160,93
161,24
162,120
162,401
163,377
164,439
165,172
166,120
167,439
168,439
169,94
170,184
171,49
172,49
173,377
174,469
175,475
176,14
177,34
178,24
179,49
180,377
181,1
182,49
183,144
184,49
185,49
186,377
187,439
188,454
189,439
190,1
190,204
191,49
192,377
193,439
194,34
195,120
195,401
196,422
196,267
197,377
198,401
199,271
200,359
201,49
202,439
203,49
204,417
205,377
206,387
207,402
207,94
208,267
209,34
210,97
210,94
210,40
210,174
211,1
212,1
213,377
214,49
215,49
216,120
217,439
218,144
219,377
220,439
221,53
222,34
223,34
224,439
225,144
226,49
227,123
228,359
229,445
230,439
231,439
232,445
233,439
234,267
235,267
236,471
237,439
238,128
238,42
239,445
240,377
241,267
242,267
243,267
244,327
244,95
245,377
246,34
247,1
247,204
248,34
249,377
250,34
251,24
252,1
253,144
254,439
255,49
256,377
257,34
258,451
258,73
258,374
258,377
259,402
259,94
260,439
261,271
262,377
263,435
264,446
265,34
266,471
267,115
268,34
269,75
270,128
271,34
272,267
273,120
274,377
275,377
276,144
277,49
278,49
279,267
280,49
281,238
282,377
283,359
284,362
285,439
286,24
287,128
288,168
288,446
289,215
289,49
290,475
291,445
292,94
294,181
294,49
295,371
296,34
297,34
298,377
299,327
300,439
301,439
302,49
303,184
304,411
304,94
305,56
306,46
307,401
308,232
309,439
310,256
311,49
312,377
313,34
314,445
315,377
316,49
317,439
318,377
319,144
320,387
321,34
322,56
323,439
324,377
325,1
326,44
326,206
327,8
328,377
329,137
330,439
331,445
332,445
333,144
334,396
335,446
336,377
337,115
337,49
338,439
339,49
340,439
341,40
341,120
341,144
342,439
343,49
344,381
344,91
345,446
346,24
347,445
348,180
348,49
349,379
350,49
351,377
352,377
353,115
354,21
354,445
354,144
355,49
356,14
357,412
358,359
359,49
360,377
361,379
362,377
363,49
364,78
365,120
365,260
365,401
366,439
366,49
367,267
368,49
369,446
370,1
371,382
372,142
373,366
374,115
375,401
376,49
377,377
378,377
379,34
380,401
381,475
382,115
383,439
384,401
385,411
385,21
386,446
387,115
388,439
389,403
390,79
391,49
392,401
393,445
394,379
395,359
396,401
397,471
398,49
399,327
400,115
401,128
401,60
402,439
403,181
404,439
405,439
406,94
407,433
407,78
408,439
409,439
410,377
411,49
412,439
413,377
414,34
414,342
415,377
415,379
415,38
415,445
415,123
416,377
417,387
418,377
419,294
420,94
421,204
422,403
423,377
424,49
425,377
427,34
428,439
428,49
429,439
430,327
431,377
432,24
433,377
434,94
435,428
436,377
437,439
438,445
439,439
440,439
441,433
442,377
443,471
444,439
445,34
446,469
447,439
448,439
449,377
450,377
451,411
451,417
452,477
453,377
454,439
455,359
456,401
457,377
458,377
459,377
460,377
461,14
462,377
463,267
464,56
465,377
466,49
467,115
468,377
469,204
470,445
471,439
472,401
473,367
474,49
475,94
476,401
477,439
478,377
479,377
480,446
481,238
482,34
483,377
484,49
485,34
486,445
487,115
488,377
489,377
490,49
491,260
492,49
493,439
494,24
495,439
496,377
497,49
498,49
499,8
500,439
500,377
501,49
502,439
502,115
503,377
503,204
504,377
505,439
506,401
507,10
508,49
509,49
510,49
511,110
512,439
512,115
513,359
514,350
515,318
516,377
517,411
517,437
517,450
518,94
519,445
520,168
520,89
520,377
521,401
522,1
523,305
524,429
524,49
525,457
526,457
527,28
528,403
529,1
530,265
530,229
530,217
530,311
530,38
530,219
530,226
530,461
530,9
530,451
530,257
530,453
530,339
530,284
532,404
533,355
534,123
535,317
536,403
538,102
539,403
540,454
541,436
542,149
543,172
544,401
545,21
546,377
547,363
547,402
547,94
548,439
549,391
550,439
551,93
552,446
553,115
554,163
555,428
556,93
557,317
558,203
559,3
560,377
560,118
560,55
561,439
562,260
563,145
564,371
565,94
567,439
568,241
569,131
570,199
571,120
572,371
573,429
574,477
575,172
576,172
577,401
578,260
579,471
580,439
581,445
582,98
583,445
584,311
586,376
587,425
589,241
590,369
591,265
591,229
591,36
591,217
591,461
591,451
591,175
591,63
591,213
591,455
591,178
592,377
593,298
594,40
595,343
596,432
597,475
599,457
600,127
601,49
601,377
603,115
604,281
605,214
606,475
607,454
608,172
609,445
610,445
611,401
612,445
613,289
614,381
616,115
616,49
617,79
618,267
619,337
620,428
621,138
622,120
622,401
623,396
624,110
625,377
626,362
627,446
628,172
629,454
630,184
630,234
630,439
631,32
631,180
631,16
631,307
632,3
634,171
635,171
636,398
637,401
638,172
639,141
640,229
640,109
640,319
640,24
640,177
640,254
640,244
640,219
640,394
640,14
640,175
640,264
640,434
640,353
641,133
642,133
643,57
643,112
647,445
648,403
649,403
650,205
651,471
653,190
655,439
657,377
659,432
660,277
661,313
662,214
663,214
664,3
666,172
667,142
668,40
669,163
670,412
670,468
670,30
671,439
672,49
673,214
674,172
675,241
676,446
677,205
678,115
678,48
679,91
681,475
682,214
683,305
684,214
685,317
686,200
687,172
688,49
689,320
691,445
692,331
692,254
693,446
693,212
694,405
695,379
697,24
698,281
699,93
700,145
701,90
702,232
703,361
703,94
704,377
705,403
706,395
707,115
708,439
709,377
711,260
711,281
711,241
712,145
713,271
714,271
715,439
716,147
717,371
718,446
718,123
718,294
718,16
719,377
720,49
721,475
722,240
723,34
723,125
724,204
725,403
726,432
728,78
729,439
731,450
732,359
733,439
734,403
735,259
736,34
737,49
738,172
739,403
739,288
740,235
741,145
742,47
743,292
744,463
744,462
744,303
744,187
744,134
745,14
745,332
746,435
747,435
748,49
750,156
751,72
752,305
753,446
754,310
755,377
756,240
757,367
758,377
759,377
760,260
761,317
762,454
763,457
764,316
765,172
766,208
767,49
768,377
770,454
771,446
772,317
773,454
775,439
776,169
777,49
778,471
779,401
780,49
781,397
782,204
783,379
784,165
785,49
786,1
787,29
788,133
789,133
790,373
791,439
792,357
793,83
794,55
794,380
795,144
796,377
797,172
798,403
799,113
800,263
801,37
802,251
803,84
804,454
805,439
807,401
808,121
810,91
811,316
812,251
813,446
814,454
815,439
816,204
817,377
818,456
819,435
820,403
821,382
822,350
823,377
824,172
825,115
826,115
827,382
828,120
828,144
829,24
830,439
831,377
832,260
833,212
834,377
835,439
836,336
837,350
838,49
839,26
840,253
841,241
842,388
842,260
842,241
842,165
842,172
842,405
842,173
843,377
844,21
847,172
848,94
849,172
850,133
851,360
852,172
853,439
856,371
857,371
858,34
859,289
860,214
861,115
862,371
863,377
864,49
865,350
866,317
867,439
867,24
868,414
869,24
870,471
871,403
872,439
873,121
875,169
877,21
878,205
879,49
880,362
881,93
882,214
883,403
884,101
885,251
886,163
888,403
889,445
890,121
891,439
892,439
893,231
894,445
895,432
896,115
897,360
898,273
899,377
901,91
902,439
903,54
904,172
905,403
906,273
907,188
908,0
910,454
912,6
913,172
916,301
917,172
918,439
919,103
920,200
921,51
922,214
923,3
924,445
925,64
926,172
927,454
928,214
929,163
930,172
931,20
932,454
934,172
935,78
936,471
937,172
938,214
939,214
940,49
941,403
942,94
943,454
944,214
945,172
946,172
948,172
949,360
951,133
952,172
954,172
956,262
957,377
958,205
959,24
960,371
961,214
962,49
963,40
964,435
965,94
966,382
967,253
967,221
968,398
969,49
970,317
971,54
972,235
973,49
974,49
976,166
977,260
979,401
980,473
981,93
982,102
983,34
984,96
985,401
986,172
987,145
988,120
989,439
990,377
991,401
993,362
993,105
993,407
994,115
995,290
996,348
998,172
999,172
1000,454
1001,172
1002,454
1003,186
1004,405
1006,172
1007,102
1008,405
1009,120
1010,207
1012,153
1013,253
1014,45
1015,208
1016,466
1017,471
1018,364
1018,21
1019,371
1020,435
1021,372
1022,34
1024,371
1025,253
1025,221
1026,317
1027,439
1029,371
1030,172
1031,120
1031,209
1033,360
1036,471
1037,133
1038,172
1039,281
1042,133
1044,317
1047,21
1048,401
1050,439
1051,439
1052,34
1053,133
1054,439
1055,121
1056,254
1057,110
1058,104
1059,212
1060,305
1061,475
1061,384
1062,49
1063,6
1064,359
1065,403
1066,428
1067,142
1068,150
1068,413
1068,233
1069,377
1070,439
1071,78
1072,197
1072,120
1072,401
1074,214
1076,133
1077,445
1078,78
1080,316
1081,21
1083,454
1084,439
1085,172
1085,401
1085,382
1085,359
1085,40
1085,78
1085,55
1086,170
1088,377
1089,403
1090,102
1091,214
1094,165
1094,78
1095,472
1096,120
1096,401
1097,475
1098,49
1099,251
1100,114
1101,382
1102,195
1103,317
1105,454
1106,214
1109,414
1110,85
1111,123
1112,127
1113,215
1114,316
1116,123
1119,172
1120,133
1121,214
1122,454
1123,454
1124,172
1125,172
1126,205
1127,49
1128,454
1129,210
1130,172
1131,172
1132,439
1133,49
1134,33
1134,297
1135,123
1136,475
1137,121
1138,401
1138,300
1139,93
1140,457
1141,445
1142,305
1143,253
1143,21
1143,189
1144,475
1145,316
1146,439
1147,314
1148,212
1149,142
1150,411
1151,426
1151,310
1152,411
1152,94
1152,417
1153,144
1153,471
1154,34
1155,377
1156,377
1157,214
1158,49
1159,115
1159,377
1160,439
1161,433
1162,71
1163,214
1164,362
1166,205
1167,120
1168,102
1169,115
1170,49
1172,359
1173,366
1174,49
1175,475
1176,49
1177,88
1178,252
1179,403
1180,253
1182,403
1183,446
1184,145
1185,54
1186,54
1187,93
1188,250
1188,163
1188,367
1189,123
1189,368
1190,439
1191,439
1192,49
1196,3
1198,49
1199,350
1200,172
1201,49
1202,214
1203,214
1204,403
1205,75
1207,8
1208,471
1209,21
1210,176
1212,467
1213,214
1215,439
1216,49
1217,316
1219,38
1220,239
1221,214
1222,21
1223,316
1227,439
1228,214
1230,269
1231,375
1231,179
1233,439
1234,403
1236,403
1237,293
1238,49
1239,316
1240,214
1241,214
1242,388
1243,40
1244,21
1245,216
1247,417
1249,405
1250,392
1251,471
1252,172
1254,439
1255,329
1256,181
1257,439
1257,377
1258,240
1259,439
1260,21
1262,312
1263,172
1264,257
1265,418
1266,214
1267,231
1268,160
1269,49
1270,102
1272,268
1274,337
1275,445
1277,471
1278,445
1279,287
1280,94
1282,214
1283,14
1284,188
1285,172
1286,408
1287,55
1289,348
1291,149
1292,222
1293,377
1294,401
1295,377
1297,401
1298,472
1300,214
1301,68
1302,472
1305,52
1309,472
1310,454
1311,317
1312,172
1314,445
1315,214
1316,172
1317,115
1318,471
1319,172
1320,172
1321,172
1322,172
1323,205
1324,172
1325,360
1326,205
1327,3
1328,128
1329,457
1329,411
1329,293
1330,403
1331,439
1332,133
1333,260
1334,377
1335,149
1336,387
1337,409
1338,120
1339,193
1340,24
1341,49
1342,54
1343,371
1344,281
1345,3
1346,115
1347,305
1348,1
1349,231
1350,91
1351,205
1352,167
1353,294
1354,375
1355,317
1356,232
1357,471
1358,172
1358,200
1358,449
1358,340
1358,252
1360,34
1361,214
1362,214
1363,172
1364,388
1365,133
1366,454
1367,8
1371,317
1372,49
1373,172
1374,241
1375,454
1376,172
1377,3
1378,317
1379,172
1380,260
1382,115
1383,102
1385,403
1386,403
1387,403
1388,115
1389,207
1390,359
1391,205
1392,139
1393,133
1394,214
1396,377
1397,439
1398,172
1399,408
1400,427
1401,38
1403,317
1405,439
1406,172
1408,454
1409,154
1410,54
1411,93
1412,145
1413,145
1414,93
1415,54
1416,145
1417,145
1419,144
1420,317
1422,115
1423,403
1425,471
1426,27
1426,439
1427,317
1428,200
1429,172
1430,94
1431,49
1432,153
1434,414
1436,115
1438,115
1439,55
1440,172
1442,78
1442,285
1443,439
1444,49
1445,145
1446,401
1447,445
1448,403
1450,305
1451,93
1452,93
1453,93
1454,54
1455,31
1456,439
1458,110
1459,34
1460,223
1461,67
1462,377
1464,169
1465,214
1466,267
1467,377
1468,153
1470,214
1471,214
1472,377
1473,208
1474,251
1476,403
1477,377
1478,371
1479,93
1480,54
1481,49
1482,54
1483,93
1484,93
1485,428
1487,280
1488,377
1490,49
1491,115
1493,439
1494,439
1495,359
1496,49
1497,49
1498,49
1499,439
1500,251
1501,305
1502,251
1503,439
1503,167
1504,403
1505,137
1506,176
1507,133
1509,205
1510,439
1511,107
1512,39
1513,214
1514,49
1516,439
1517,377
1518,403
1519,305
1521,94
1522,252
1523,214
1524,439
1525,75
1526,439
1527,377
1528,412
1529,236
1530,205
1531,214
1532,305
1533,403
1535,439
1536,377
1537,446
1538,127
1540,436
1542,204
1543,401
1544,172
1546,387
1548,24
1549,172
1552,445
1553,342
1554,49
1555,439
1556,49
1557,439
1558,340
1559,439
1560,377
1561,40
1562,439
1563,208
1564,350
1565,49
1566,49
1567,445
1568,377
1569,121
1570,241
1571,377
1572,172
1573,214
1574,454
1575,49
1576,435
1577,274
1578,439
1579,214
1580,343
1581,387
1581,168
1581,377
1582,186
1584,115
1585,102
1587,93
1588,102
1589,145
1590,281
1591,377
1592,305
1593,159
1594,377
1595,377
1596,403
1597,49
1598,403
1599,305
1600,403
1601,205
1602,439
1603,439
1604,439
1605,367
1606,401
1607,153
1608,305
1609,251
1610,144
1611,439
1612,278
1613,319
1614,115
1615,204
1616,154
1617,212
1618,93
1619,212
1620,445
1621,350
1622,389
1623,163
1625,401
1626,94
1627,472
1628,37
1629,148
1630,49
1631,260
1632,49
1633,185
1634,377
1635,403
1636,184
1637,457
1638,7
1639,3
1639,299
1641,214
1643,405
1645,439
1646,183
1647,439
1648,120
1649,403
1650,475
1651,49
1653,310
1654,121
1655,439
1656,399
1657,1
1658,91
1659,342
1660,445
1661,403
1662,120
1663,34
1666,439
1667,360
1668,79
1669,121
1672,170
1673,170
1674,122
1676,198
1677,251
1678,454
1679,305
1680,251
1681,148
1682,403
1683,377
1684,439
1685,377
1686,79
1688,54
1689,145
1690,54
1691,145
1692,145
1693,211
1694,93
1695,377
1696,305
1697,445
1698,201
1699,115
1700,317
1702,49
1703,439
1704,388
1705,445
1706,172
1707,214
1708,49
1709,366
1711,371
1713,377
1714,49
1715,439
1716,267
1718,377
1719,377
1720,409
1721,298
1721,123
1722,8
1723,377
1723,446
1723,271
1724,475
1726,439
1728,377
1729,377
1730,49
1731,401
1732,439
1732,337
1733,49
1734,439
1735,49
1736,439
1737,49
1738,49
1739,49
1740,110
1741,305
1742,414
1743,186
1745,123
1746,439
1747,186
1748,260
1749,121
1750,142
1751,446
1752,86
1753,172
1755,14
1757,439
1758,260
1760,251
1762,67
1763,120
1764,115
1765,115
1766,115
1767,142
1768,205
1769,34
1770,241
1772,439
1773,239
1774,120
1774,378
1775,231
1776,356
1778,445
1779,362
1780,49
1781,305
1782,401
1783,49
1784,49
1785,49
1786,401
1787,132
1788,49
1789,446
1790,49
1791,406
1792,94
1793,153
1794,439
1795,439
1796,403
1797,403
1798,403
1799,358
1801,49
1802,377
1803,377
1804,377
1805,474
1806,439
1807,231
1809,472
1809,255
1809,170
1809,4
1809,99
1809,119
1810,14
1811,256
1812,163
1813,251
1814,445
1815,94
1817,305
1818,403
1819,257
1820,403
1821,403
1822,439
1823,471
1824,445
1824,401
1825,401
1826,439
1827,172
1828,435
1829,377
1830,34
1833,106
1834,439
1834,377
1835,445
1837,121
1838,403
1839,49
1840,445
1843,127
1844,202
1845,401
1846,205
1847,176
1849,21
1850,446
1851,350
1852,172
1853,120
1853,325
1854,439
1855,439
1855,460
1856,305
1857,305
1858,203
1859,108
1860,454
1861,475
1862,439
1865,344
1866,294
1867,439
1868,371
1869,377
1870,439
1871,377
1872,401
1873,377
1874,149
1875,403
1877,439
1878,377
1880,439
1881,94
1882,445
1883,445
1884,439
1885,445
1886,377
1887,377
1888,203
1889,377
1890,120
1892,438
1893,326
1895,21
1896,115
1897,379
1898,172
1899,377
1901,215
1902,305
1903,305
1904,435
1905,282
1906,110
1907,79
1908,414
1909,398
1911,352
1912,231
1914,49
1915,281
1916,427
1917,472
1918,403
1919,305
1921,170
1923,37
1924,403
1925,403
1926,403
1927,403
1928,403
1929,305
1930,149
1931,439
1932,37
1933,305
1934,403
1935,403
1936,403
1937,377
1938,377
1939,403
1940,475
1941,54
1942,398
1945,34
1946,383
1947,433
1948,403
1949,377
1950,172
1951,294
1952,403
1953,439
1954,423
1955,441
1956,162
1957,403
1958,305
1959,401
1960,357
1961,377
1962,148
1963,358
1964,170
1965,170
1966,37
1968,91
1969,414
1970,414
1971,371
1972,22
1973,158
1974,377
1975,424
1976,382
1977,305
1978,305
1979,214
1980,120
1981,260
1982,49
1983,251
1985,439
1986,74
1986,131
1986,430
1987,371
1988,185
1989,5
1992,445
1993,205
1994,218
1994,403
1994,435
1994,69
1994,365
1995,115
1997,91
1998,305
1999,448
2000,323
2001,94
2002,349
2003,359
2004,164
2005,144
2006,94
2007,164
2008,144
2009,164
2010,243
2011,315
2012,59
2013,94
2014,243
2015,243
2016,164
2017,204
2018,178
2019,204
2020,359
2021,243
2022,155
2023,243
2024,155
2025,144
2026,164
2027,359
2028,94
2029,243
2030,164
2031,267
2032,439
2033,243
2034,204
2035,2
2036,451
2037,2
2038,243
2039,1
2040,302
2041,243
2042,302
2043,279
2044,349
2045,243
2046,260
2047,440
2048,439
2049,164
2050,243
2051,446
2052,279
2053,130
2054,2
2055,243
2056,164
2057,243
2058,144
2059,164
2060,451
2061,446
2062,128
2063,1
2064,178
2065,440
2066,243
2067,155
2068,254
2069,260
2070,243
2071,260
2072,49
2073,243
2074,209
2075,351
2076,155
2077,164
2078,379
2079,243
2080,144
2081,155
2082,128
2083,421
2084,155
2085,359
2086,155
2087,421
2088,421
2089,271
2090,446
2091,271
2092,359
2093,286
2094,328
2095,304
2096,94
2097,2
2098,475
2099,308
2100,164
2101,157
2102,279
2103,2
2104,477
2105,243
2106,451
2107,302
2108,128
2109,267
2110,451
2111,42
2112,126
2113,238
2114,243
2115,243
2116,260
2117,440
2118,243
2119,49
2120,243
2121,128
2122,2
2123,275
2124,243
2125,2
2126,451
2127,243
2128,144
2129,260
2130,164
2131,178
2132,359
2133,2
2134,260
2135,243
2136,258
2137,445
2138,144
2139,349
2140,128
2141,475
2142,302
2143,164
2144,445
2145,1
2146,302
2147,243
2148,2
2149,323
2150,451
2151,260
2152,144
2153,420
2154,267
2155,469
2156,338
2157,2
2158,243
2159,164
2160,152
2161,2
2162,247
2163,243
2164,178
2165,164
2166,144
2167,243
2168,239
2169,469
2170,1
2171,144
2172,243
2173,243
2174,209
2175,243
2176,196
2177,243
2178,439
2179,421
2180,49
2181,469
2182,164
2183,421
2184,164
2185,279
2186,267
2187,267
2188,209
2189,178
2190,209
2191,181
2192,260
2193,164
2194,243
2195,351
2196,286
2197,281
2198,243
2199,359
2200,475
2201,243
2202,243
2203,302
2204,155
2205,1
2206,243
2207,243
2208,157
2209,445
2210,243
2211,243
2212,302
2213,243
2214,440
2215,334
2216,260
2217,14
2218,128
2219,359
2220,161
2221,239
2222,446
2223,471
2224,2
2225,1
2226,351
2227,243
2228,334
2229,243
2230,260
2231,42
2232,144
2233,164
2234,359
2235,328
2236,267
2237,243
2238,243
2239,1
2240,49
2241,243
2242,243
2243,2
2244,440
2245,243
2246,451
2247,243
2248,243
2249,451
2250,243
2251,243
2252,128
2253,2
2254,243
2255,243
2256,359
2257,471
2258,351
2259,442
2260,421
2261,1
2262,243
2263,243
2264,1
2265,155
2266,351
2267,439
2268,469
2269,260
2270,243
2271,445
2272,445
2273,260
2274,1
2275,279
2276,243
2277,439
2278,279
2279,243
2280,243
2281,144
2282,351
2283,144
2284,351
2285,359
2286,155
2287,421
2288,243
2289,469
2290,451
2291,243
2292,155
2293,302
2294,243
2295,359
2296,302
2297,302
2298,243
2299,446
2300,337
2301,243
2302,209
2303,117
2304,271
2305,446
2306,351
2307,243
2308,164
2309,445
2310,315
2311,359
2312,359
2313,359
2314,359
2315,446
2316,359
2317,359
2318,243
2319,279
2320,359
2321,243
2322,243
2323,451
2324,155
2325,243
2326,243
2327,451
2328,164
2329,410
2330,14
2331,49
2332,393
2333,445
2334,260
2335,421
2336,49
2337,209
2338,144
2339,243
2340,243
2341,243
2342,164
2343,61
2344,351
2345,349
2346,243
2347,243
2348,1
2349,128
2350,192
2351,309
2352,1
2353,386
2354,260
2355,237
2356,469
2357,243
2358,243
2359,243
2360,464
2361,440
2362,243
2363,451
2364,243
2365,440
2366,243
2367,243
2368,243
2369,279
2370,164
2371,164
2372,243
2373,2
2374,243
2375,144
2376,243
2377,260
2378,164
2379,439
2380,1
2381,243
2382,440
2383,164
2384,243
2385,243
2386,351
2387,49
2388,281
2389,128
2390,302
2391,351
2392,232
2393,469
2394,164
2395,359
2396,451
2397,243
2398,243
2399,440
2400,117
2401,323
2402,155
2403,275
2404,440
2405,260
2406,243
2407,267
2408,243
2409,182
2410,469
2411,440
2412,209
2413,261
2414,349
2415,128
2416,243
2417,49
2418,260
2419,243
2420,267
2421,181
2422,243
2423,243
2424,260
2425,421
2426,445
2427,260
2428,209
2429,390
2430,144
2431,260
2432,359
2433,243
2434,359
2435,155
2436,359
2437,359
2438,243
2439,351
2440,164
2441,1
2442,439
2443,164
2444,243
2445,379
2446,334
2447,475
2448,2
2449,267
2450,204
2451,271
2452,243
2453,359
2454,243
2455,243
2456,243
2457,243
2458,243
2459,446
2460,243
2461,337
2462,279
2463,243
2464,243
2465,11
2466,243
2467,446
2468,445
2469,260
2470,243
2471,260
2472,260
2473,243
2474,224
2475,243
2476,349
2477,164
2478,144
2479,334
2480,440
2481,243
2482,452
2483,260
2484,243
2485,155
2486,209
2487,334
2488,164
2489,452
2490,351
2491,1
2492,440
2493,439
2494,144
2495,421
2496,164
2497,238
2498,471
2499,243
2500,302
2501,260
2502,335
2503,135
2504,471
2505,192
2506,451
2507,202
2508,243
2509,386
2510,164
2511,243
2512,243
2513,471
2514,128
2515,410
2516,92
2517,349
2518,410
2519,440
2520,302
2521,161
2522,243
2523,440
2524,243
2525,243
2526,446
2527,359
2528,243
2529,260
2530,279
2531,359
2532,451
2533,445
2534,43
2535,12
2536,164
2537,260
2538,243
2539,243
2540,181
2541,243
2542,164
2543,281
2544,164
2545,243
2546,243
2547,243
2548,243
2549,243
2550,71
2551,209
2552,279
2553,452
2554,204
2555,337
2556,243
2557,471
2558,243
2559,243
2560,164
2561,419
2562,431
2563,415
2564,49
2565,243
2566,400
2567,1
2568,1
2569,260
2570,140
2571,164
2572,243
2573,337
2574,243
2575,136
2576,475
2577,243
2578,260
2579,1
2580,471
2581,260
2582,243
2583,49
2584,243
2585,258
2586,351
2587,305
2588,243
2589,260
2590,260
2591,1
2592,351
2593,279
2594,220
2595,260
6503,155
6504,359
6505,328
6506,359
6507,209
6508,231
6509,439
6510,243
6511,451
6512,267
6513,295
6514,246
6515,439
6516,443
6517,246
6518,458
6519,246
6520,246
6521,397
6522,232
6523,443
6524,429
6525,246
6526,379
6527,281
6528,260
6529,397
6530,397
6531,246
6532,246
6533,246
6534,181
6535,337
6536,445
6537,246
6538,246
6539,246
6540,471
6541,246
6542,337
6543,260
6544,246
6545,242
6546,181
6547,471
6548,181
6549,246
6550,246
6551,246
6552,157
6553,429
6554,397
6555,397
6556,242
6557,397
6558,397
6559,397
6560,246
6561,246
6562,242
6563,241
6564,260
6565,246
6566,242
6567,281
6568,260
6569,270
6570,397
6571,165
6572,283
6573,337
6574,239
6575,379
6576,397
6577,397
6578,397
6579,397
6580,397
6581,246
6582,260
6583,429
6584,471
6585,246
6586,349
6587,379
6588,260
6589,337
6590,260
6591,164
6592,397
6593,397
6594,443
6595,260
6596,379
6597,246
6598,260
6599,465
6600,228
6601,281
6602,260
6603,443
6604,260
6605,337
6606,242
6607,242
6608,260
6609,232
6610,162
6611,12
6612,246
6613,181
6614,445
6615,246
6616,337
6617,246
6618,260
6619,65
6620,397
6621,281
6622,385
6623,135
6624,281
6625,443
6626,458
6627,242
6628,379
6629,266
6630,281
6631,260
6632,471
6633,260
6634,260
6635,162
6636,283
6637,397
6638,241
6639,397
6640,379
6641,209
6642,181
6643,246
6644,162
6645,181
6646,400
6647,281
6648,330
6649,260
6650,337
6651,283
6652,242
6653,439
6654,281
6655,443
6656,181
6657,260
6658,231
6659,446
6660,239
6661,41
6662,260
6663,411
6664,71
6665,439
6666,49
6667,71
6668,443
6669,295
6670,239
6671,239
6672,271
6673,440
6674,296
6675,315
6676,71
6677,445
6678,71
6679,77
6680,260
6681,445
6682,1
6683,241
6684,240
6685,359
6686,243
6687,337
6688,71
6689,349
6690,315
6691,17
6692,446
6693,323
6694,181
6695,1
6696,144
6697,349
6698,71
6699,477
6700,243
6701,71
6702,279
6704,155
6705,41
6706,41
6707,243
6708,359
6709,469
6710,333
6711,140
6712,155
6713,260
6714,243
6715,279
6716,475
6717,243
6718,41
6719,41
6720,243
6721,440
6722,260
6723,162
6724,209
6725,260
6726,254
6727,305
6728,323
6729,71
6730,243
6731,445
6732,391
6733,445
6734,440
6735,445
6736,243
6737,260
6738,41
6739,260
6740,471
6741,471
6742,443
6743,260
6744,71
6745,306
6746,260
6747,349
6748,469
6749,71
6750,359
6751,146
6752,178
6753,144
6754,337
6755,243
6756,62
6757,155
6758,295
6759,71
6760,440
6761,41
6762,258
6763,260
6764,144
6765,452
6766,260
6767,243
6768,71
6769,161
6770,71
6771,324
6772,49
6773,452
6774,41
6775,41
6776,140
6777,279
6778,451
6779,243
6780,243
6781,260
6782,243
6783,243
6784,243
6785,243
6786,243
6787,178
6788,451
6789,469
6790,260
6791,243
6792,243
6793,379
6794,243
6795,243
6796,161
6797,451
6798,162
6799,243
6800,279
6801,243
6802,279
6803,243
6804,466
6805,451
6806,243
6807,243
6808,70
6809,279
6810,243
6811,243
6812,243
6813,178
6814,243
6815,243
6816,243
6817,243
6818,243
6819,351
6820,23
6821,155
6822,243
6823,164
6824,337
6825,155
6826,161
6827,243
6828,144
6829,281
6830,155
6831,243
6832,243
6833,144
6834,451
6835,178
6836,243
6837,243
6838,451
6839,279
6840,281
6841,243
6842,351
6843,323
6844,451
6845,243
6846,267
6847,243
6848,243
6849,144
6850,144
6851,144
6852,351
6853,243
6854,144
6855,243
6856,243
6857,144
6858,164
6859,243
6860,243
6861,144
6862,243
6863,243
6864,337
6865,243
6866,243
6867,243
6868,243
6869,421
6870,243
6871,267
6872,243
6873,243
6874,144
6875,260
6876,144
6877,243
6878,144
6879,144
6880,128
6881,267
6882,243
6883,129
6885,243
6886,209
6887,243
6888,243
6889,144
6890,144
6891,351
6892,243
6893,243
6894,421
6895,62
6896,451
6897,243
6898,286
6899,155
6900,128
6901,243
6902,243
6903,243
6904,243
6905,243
6906,243
6907,302
6908,161
6909,243
6910,178
6911,260
6912,243
6913,243
6914,243
6915,164
6916,128
6917,144
6918,243
6919,182
6920,291
6921,445
6922,62
6923,451
6924,260
6925,164
6926,243
6927,400
6928,260
6929,241
6930,144
6931,243
6932,243
6933,267
6934,243
6935,116
6936,243
6937,243
6938,279
6939,144
6940,260
6941,243
6942,178
6943,451
6944,451
6945,321
6946,351
6947,243
6948,243
6949,243
6950,337
6951,305
6952,281
6953,164
6954,260
6955,228
6956,337
6957,447
6958,241
6959,370
6960,337
6961,144
6962,334
6963,202
6964,181
6965,471
6966,445
6967,337
6968,330
6969,260
6970,429
6971,66
6972,333
6973,260
6974,87
6975,337
6976,155
6977,164
6978,397
6979,144
6980,25
6981,337
6982,337
6983,181
6984,243
6985,243
6986,49
6987,23
6988,447
6989,337
6990,209
6991,337
6992,439
6993,281
6994,241
6995,478
6996,281
6997,333
6998,337
6999,12
7000,279
7001,181
7002,209
7003,417
7004,283
7005,439
7006,439
7007,260
7008,267
7009,144
7010,337
7011,439
7012,439
7013,283
7014,471
7015,281
7016,337
7017,181
7018,260
7019,337
7020,478
7021,276
7022,243
7023,429
7024,258
7025,270
7026,181
7027,333
7029,181
7030,243
7031,470
7032,181
7033,283
7034,260
7035,337
7036,421
7037,337
7038,237
7039,337
7040,209
7041,209
7042,337
7043,333
7044,243
7045,181
7046,302
7047,337
7048,281
7049,248
7050,232
7051,243
7052,281
7053,227
7054,281
7055,144
7056,243
7057,334
7058,144
7059,181
7060,191
7061,471
7062,397
7063,144
7064,260
7065,337
7066,144
7067,337
7068,451
7069,260
7070,23
7071,337
7072,243
7073,164
7074,258
7075,445
7076,267
7077,451
7078,237
7079,43
7080,128
7081,128
7082,243
7083,243
7084,1
7085,243
7086,279
7087,164
7088,451
7089,283
7090,451
7091,421
7092,243
7093,279
7094,94
7095,2
7096,475
7097,243
7098,315
7099,271
7100,94
7101,94
7102,254
7103,243
7104,243
7105,451
7106,451
7107,2
7108,243
7109,243
7110,337
7111,286
7112,243
7113,243
7114,243
7115,178
7116,279
7118,249
7119,243
7120,209
7121,359
7122,359
7123,243
7124,304
7125,243
7126,243
7127,243
7128,209
7129,243
7131,144
7132,155
7133,279
7134,155
7135,155
7136,155
7137,243
7138,241
7139,155
7140,351
7141,246
7142,124
7143,225
7144,286
7146,469
7147,258
7148,56
7149,209
7150,260
7151,151
7152,286
7153,309
7154,243
7155,209
7156,19
7157,439
7158,243
7159,243
7160,243
7161,209
7162,272
7163,243
7164,351
7165,345
7166,209
7167,421
7168,243
7169,475
7170,451
7171,243
7172,243
7173,243
7174,243
7175,76
7176,243
7177,243
7178,155
7179,209
7180,100
7181,260
7182,240
7183,165
7184,337
7185,1
7186,100
7187,240
7188,165
7189,124
7190,165
7191,359
7192,124
7193,1
7194,341
7195,260
7196,385
7197,429
7198,241
7199,241
7200,241
7201,260
7202,49
7203,100
7204,337
7205,337
7206,337
7207,471
7208,471
7209,471
7210,161
7211,161
7212,471
7213,124
7214,471
7215,471
7216,443
7217,426
7218,124
7219,426
7220,100
7221,451
7222,337
7223,71
7224,446
7225,241
7226,439
7227,260
7228,209
7229,209
7230,209
7231,100
7232,241
7233,337
7234,337
7235,443
7236,209
7237,164
7238,471
7239,260
7240,426
7241,426
7242,426
7243,478
7244,478
7245,471
7246,100
7247,446
7248,260
7249,333
7250,333
7251,337
7252,337
7253,379
7254,471
7255,58
7256,337
7257,241
7258,100
7259,49
7260,246
7261,100
7262,161
7263,161
7264,100
7265,2
7266,209
7267,337
7268,426
7269,426
7270,337
7271,337
7272,209
7273,135
7274,161
7275,471
7276,471
7277,100
7278,94
7279,260
7280,243
7281,243
7283,337
7284,2
7285,35
7286,100
7287,260
7288,161
7289,243
7290,100
7291,209
7292,243
7293,243
7294,155
7295,471
7296,100
7297,100
7298,243
7299,128
7300,446
7301,100
7302,279
7303,100
7304,243
7305,100
7306,2
7307,155
7308,50
7309,281
7310,242
7311,260
7312,281
7313,445
7314,232
7315,258
7316,260
7317,260
7318,337
7319,351
7320,260
7321,242
7322,459
7323,260
7324,243
7325,260
7326,242
7327,260
7328,281
7329,260
7330,281
7331,155
7332,445
7333,209
7334,92
7335,281
7336,260
7337,281
7338,445
7339,260
7340,281
7341,351
7342,260
7343,445
7344,471
7345,260
7346,260
7347,13
7349,415
7350,400
7351,243
7352,281
7353,267
7354,260
7355,260
7356,243
7357,242
7358,111
7359,447
7360,334
7361,164
7362,260
7363,337
7364,476
7365,469
7366,209
7367,144
7368,469
7369,443
7370,302
7371,260
7372,337
7373,144
7374,451
7375,260
7376,267
7377,286
7378,243
7379,260
7380,469
7381,445
7382,164
7383,243
7384,386
7385,144
7386,178
7387,445
7388,2
7389,444
7390,439
7391,238
7392,209
7393,209
7394,209
7395,62
7396,209
7397,260
7398,346
7399,279
7400,2
7401,157
7402,323
7403,337
7404,444
7405,243
7406,475
7407,477
7408,322
7409,209
7410,475
7411,2
7412,439
7413,439
7414,445
7415,144
7416,444
7417,349
7418,444
7419,267
7420,439
7421,477
7422,58
7423,209
7424,260
7425,144
7426,267
7427,49
7428,439
7429,209
7430,209
7431,439
7432,209
7433,209
7434,279
7435,279
7436,243
7437,439
7438,209
7439,243
7440,475
7441,49
7442,477
7443,444
7444,209
7445,209
7446,444
7447,254
7448,144
7449,49
7450,209
7451,243
7452,452
7453,209
7454,439
7455,444
7456,2
7457,444
7458,209
7459,243
7460,451
7461,452
7462,471
7463,209
7464,209
7465,444
7466,2
7467,243
7468,2
7469,349
7470,49
7471,1
7472,2
7473,243
7474,49
7475,155
7476,439
7477,439
7478,209
7479,209
7480,439
7481,238
7482,243
7483,243
7484,242
7485,209
7486,178
7487,2
7488,279
7489,477
7490,243
7491,439
7492,359
7493,451
7494,452
7495,445
7496,144
7497,452
7498,439
7499,238
7500,267
7501,439
7502,260
7503,477
7504,49
7505,439
7506,238
7507,49
7508,439
7509,351
7510,452
7511,209
7512,209
7513,249
7514,439
7515,308
7516,379
7517,144
7518,286
7519,260
7520,351
7521,328
7522,1
7523,471
7524,471
7525,337
7526,18
7527,429
7528,260
7529,295
7530,181
7531,243
7532,429
7533,181
7534,165
7535,162
7536,412
7537,135
7538,337
7539,135
7540,71
7541,337
7542,241
7543,439
7544,260
7545,164
7546,445
7547,295
7548,471
7549,471
7550,337
7551,232
7552,260
7553,337
7554,242
7555,144
7556,165
7557,260
7558,260
7559,260
7560,429
7561,471
7562,323
7563,471
7564,471
7565,337
7566,429
7567,260
7568,260
7569,429
7570,231
7571,135
7572,475
7573,62
7574,475
7575,181
7576,71
7577,228
7578,260
7579,209
7580,471
7581,439
7582,429
7583,260
7584,446
7585,471
7586,260
7587,337
7588,181
7589,337
7590,429
7591,232
7592,135
7593,241
7594,241
7595,260
7596,260
7597,181
7598,471
7599,337
7600,439
7601,337
7602,209
7603,354
7604,260
7605,337
7606,471
7607,23
7608,232
7609,302
7610,243
7611,337
7612,14
7613,337
7614,260
7615,429
7616,76
7617,429
7618,76
7619,15
7620,62
7621,194
7622,181
7623,260
7624,445
7625,446
7626,209
7627,337
7628,260
7629,337
7630,471
7631,260
7632,260
7633,397
7634,146
7635,452
7636,439
7637,243
7638,232
7639,18
7640,157
7641,471
7642,243
7643,71
7644,254
7645,230
7646,181
7647,243
7648,232
7649,260
7650,279
7651,232
7652,243
7653,209
7654,243
7655,471
7656,260
7657,62
7658,243
7659,337
7660,260
7661,181
7662,445
7663,243
7664,243
7665,243
7666,243
7667,351
7668,471
7669,243
7670,471
7671,260
