tvseries_id,pc_id
1,3774
1,1088
1,2819
2,2089
2,395
2,2181
3,1094
3,4082
3,2822
5,2091
5,2442
5,503
6,2648
6,1381
6,936
7,2022
7,3275
7,1983
8,3146
9,1099
9,1855
10,1982
11,651
12,2892
12,515
13,2556
13,3638
14,3652
14,93
14,244
15,3652
15,4321
15,366
16,3652
16,4321
16,366
17,2317
17,1013
17,3160
18,1767
19,1073
19,2910
20,1350
20,1073
20,2600
21,1687
21,3465
21,3432
22,3846
23,3997
23,3354
23,4172
24,539
24,2628
24,1314
25,3630
25,1203
25,3649
26,539
28,2331
28,3431
28,1092
29,3434
29,539
29,681
30,2865
30,2696
30,4171
31,1959
32,3011
33,2853
33,4357
33,3012
34,466
34,539
35,1398
35,1470
35,3094
36,396
37,2352
37,3943
38,133
38,1855
38,3744
39,133
39,627
40,875
40,3020
40,155
41,3970
42,487
42,3943
43,3986
43,3540
43,1425
44,1855
44,1359
44,4218
45,25
45,4299
46,928
46,1855
46,4171
47,2875
47,349
47,3984
48,1855
48,2625
49,1181
49,3296
49,427
50,503
50,358
50,2701
51,4041
51,2345
52,427
52,3437
52,877
53,712
53,2022
53,1584
54,3354
54,2371
54,2371
55,3166
55,242
55,1271
56,416
56,2286
57,1464
58,3383
59,703
59,1266
59,242
60,2441
60,2822
60,4041
61,1345
61,596
61,4041
62,4041
63,4041
64,4041
64,245
65,621
66,4344
66,1860
66,418
67,2277
67,2822
67,4321
68,2317
68,2402
68,2212
69,1476
69,472
69,4166
70,196
71,3703
71,3943
71,691
72,1767
72,146
73,3739
74,4309
74,3593
74,3039
75,269
75,3293
75,1090
76,539
77,2317
77,164
78,164
78,2317
78,2524
79,1345
80,2212
80,2317
80,2317
81,2216
81,594
81,3431
82,3354
82,2747
82,1249
83,2085
83,2317
84,3931
84,1952
84,3431
85,1624
85,4039
86,525
86,4118
86,427
87,1340
87,3457
87,489
88,2336
88,3296
88,427
89,1906
89,3473
89,430
90,3094
90,312
91,3839
91,1073
92,2317
92,1927
93,497
93,2240
93,427
94,242
94,3488
94,3166
95,3431
96,459
96,3538
96,1855
97,1579
98,3173
98,1596
98,4322
99,3968
99,4194
99,539
100,539
101,366
101,299
101,57
102,134
102,3604
102,2317
103,2277
103,3431
104,2428
105,4166
105,4289
106,1333
107,485
107,4179
108,692
108,134
108,744
109,3771
109,1445
109,1855
110,4231
110,780
110,3437
111,54
111,1425
111,3335
112,2317
112,2294
113,1067
113,40
113,3665
114,3794
114,3722
114,2030
115,1859
115,4179
115,1146
116,1611
117,2873
117,1548
117,2911
118,3547
119,396
119,344
120,4328
120,1855
120,748
121,1934
121,2317
121,2524
123,429
124,3053
124,4082
124,3431
125,1851
125,3822
126,152
126,1855
127,3277
128,3094
128,4328
129,3384
129,3466
129,1457
130,1294
131,3166
131,242
131,3949
132,3174
132,2526
132,3722
133,1579
133,2982
133,1660
134,1139
134,1767
135,1401
135,3575
135,2526
136,1776
136,1855
137,3630
137,3649
137,4120
138,3842
138,2701
138,2277
139,303
139,2258
139,2310
140,2633
140,3431
141,3146
141,198
142,2286
143,1711
144,2286
144,2269
145,4041
145,3921
145,1597
146,429
147,4177
147,1855
148,3577
149,1767
149,1139
150,787
150,2320
150,3431
151,3273
151,884
151,2431
152,2638
153,2417
153,2317
153,694
154,1625
154,1562
154,3377
155,3758
155,2836
155,418
156,623
156,2822
156,2182
157,2110
157,3031
157,523
158,2648
159,861
159,3354
160,2748
160,2775
161,1782
161,418
161,2878
162,539
162,1167
163,3893
163,2317
163,1232
164,2277
164,3431
165,1297
166,539
166,3354
167,414
167,4344
167,2616
168,3474
168,4082
168,2616
169,889
169,1142
170,2670
170,389
171,198
171,1112
171,1595
172,1053
172,124
172,1918
173,1855
174,1552
174,775
174,3173
175,3560
176,1102
176,3129
176,1855
177,3630
177,2317
178,847
178,3192
178,1463
179,4177
179,4295
179,1855
180,4328
180,3094
180,3192
181,2388
181,2922
181,2701
182,1419
182,2042
183,3495
184,2693
184,4067
184,4321
185,3018
185,185
186,2620
186,1660
186,1518
187,1744
187,2195
187,1183
188,276
188,276
188,996
189,2762
189,3751
190,1097
190,3280
190,1855
191,2317
191,124
191,523
192,4309
193,2525
193,418
193,4082
194,4171
194,1855
194,2865
195,539
196,676
196,2483
196,3652
197,3970
198,3520
198,1464
198,1688
199,242
200,1624
200,4039
200,3620
202,4225
202,418
202,3694
203,3643
203,366
203,3437
204,516
204,2007
204,519
205,2085
205,3631
205,2317
206,3045
206,2483
206,289
207,485
207,2228
207,2793
208,745
208,1090
208,2525
209,2417
209,2317
209,3673
210,2638
210,1859
210,1808
211,682
211,1855
211,2701
212,2473
212,358
212,4321
213,4089
213,804
213,3840
214,581
214,2246
214,2701
215,3094
215,2822
215,3287
216,747
216,4052
216,539
217,3694
217,3759
217,4225
218,3354
218,2899
218,1800
219,2833
219,358
219,1855
220,1970
220,2317
221,1820
221,1855
223,3575
223,2526
223,2317
224,2276
225,3354
225,3954
226,2277
226,1441
226,3431
227,3006
227,4334
227,2586
229,1803
229,1092
229,418
230,282
230,418
230,1900
231,1092
231,282
231,1900
232,2074
232,1688
233,3604
233,418
233,2616
234,1262
234,2223
234,220
235,2833
235,807
235,1855
236,4252
237,1702
237,1855
238,361
238,4082
238,2404
239,2419
240,2169
240,3094
241,1090
241,219
241,2854
242,1090
242,2880
242,853
243,3213
243,2175
243,1090
244,4332
244,325
244,1295
245,252
245,3192
245,3437
246,4104
246,3958
246,2317
247,1855
247,4218
248,3574
248,2317
248,4267
249,1784
250,4267
250,3574
251,3882
251,2011
251,3437
252,4247
252,366
252,2701
253,4006
254,3431
255,1855
255,1844
255,1317
256,2059
256,1066
256,2525
257,3583
257,3775
257,896
258,1597
258,3397
259,3949
260,1882
260,807
260,1008
261,2765
261,242
261,1565
262,4233
262,3605
262,1357
264,242
265,1611
265,1234
265,3943
266,2269
266,352
267,3462
267,4041
267,4313
268,2264
268,2783
268,2317
269,3950
269,175
270,4082
270,361
270,2404
271,3585
271,3987
271,297
272,2524
272,1159
272,4203
274,3261
274,3192
276,3354
276,176
277,95
277,3331
277,1155
278,4344
278,1138
278,2317
279,2031
279,3641
279,3993
280,124
280,4299
280,1053
281,2688
281,1055
281,392
282,1855
283,1820
283,35
283,3744
284,2881
284,3855
284,2310
285,3813
285,3800
286,2284
286,3201
287,507
287,1268
287,2148
288,1767
288,1808
289,3652
289,3325
289,3255
290,1280
291,2687
291,2908
291,3831
292,4218
292,4179
294,2246
294,2701
294,3437
295,3207
296,4344
296,1626
296,2575
297,2317
297,4248
297,1612
298,2352
298,3593
298,1855
299,2011
299,2910
300,3348
300,3431
301,1008
301,3431
302,432
302,2888
302,366
303,417
303,1552
303,3949
304,1465
304,1525
306,3100
306,3815
308,1638
308,4081
309,88
309,1419
309,3094
310,961
310,3985
310,3294
312,4316
312,4041
313,2613
313,2005
313,1855
315,3192
315,2889
315,1552
317,285
317,1930
317,2547
318,2978
319,2185
320,3335
320,1829
321,2119
321,282
321,3431
322,2795
323,3931
323,3431
324,396
325,503
325,358
325,2701
326,1698
326,3983
327,3004
327,1888
327,4331
328,523
328,2317
329,3435
329,817
330,1906
330,4344
330,2574
335,4164
335,1564
336,2661
336,3287
336,3192
337,3848
337,1546
337,2014
338,928
338,4328
338,1855
340,3004
340,4326
340,2822
341,2663
341,539
341,3354
342,1441
342,3431
343,3093
343,68
343,4083
344,3626
345,3166
345,4352
345,242
346,702
346,427
347,2074
347,2118
348,3297
348,3656
348,2738
349,3192
349,369
350,1377
350,3431
350,914
351,1441
351,3431
352,2292
352,3578
352,392
353,621
353,3933
353,1699
354,3577
354,2711
354,3113
355,2833
355,4177
355,1855
356,3045
356,1705
357,2740
357,3979
357,4128
358,1820
358,35
358,3988
359,3887
359,411
359,4346
360,2339
360,2317
361,636
361,358
361,42
362,3413
362,3681
362,3192
363,1768
363,1855
364,2129
364,4284
364,3849
365,1075
366,4229
366,3809
366,2479
367,2148
368,1732
369,242
370,2696
370,2701
370,1855
371,4314
371,1106
372,3698
372,3732
373,3642
373,890
373,265
374,3192
374,2452
374,1446
375,4089
375,4175
376,639
376,198
377,1855
378,3970
379,4236
379,510
380,539
381,1640
382,1073
382,627
382,3556
383,4035
383,3038
383,1855
384,539
384,3831
385,265
385,817
385,1525
386,137
386,242
386,146
387,38
387,2516
387,926
388,2501
388,198
390,338
390,1106
391,2317
391,124
391,3943
392,539
393,2233
393,3944
393,139
394,2031
394,2512
395,1624
395,4039
396,539
398,3111
398,4321
398,2701
399,2433
399,918
399,3622
400,291
400,906
401,803
401,2404
401,3437
402,1302
403,3766
403,2786
403,3431
404,3747
404,1855
405,807
405,1855
406,3603
406,2638
407,3439
407,2150
407,1442
408,429
409,2501
409,2197
409,3431
410,174
410,1073
411,1345
411,4041
412,490
412,4248
412,2680
413,3107
413,1458
413,3192
414,62
414,1825
414,1044
415,1726
415,4269
415,3422
416,1345
416,3875
417,3466
417,4083
417,366
418,3192
418,2030
418,1810
419,654
420,2710
420,2150
420,206
421,1820
421,1008
422,1390
423,2085
423,3631
423,85
424,4176
424,760
424,2479
425,1077
425,2249
426,539
427,4158
427,650
427,2611
428,3278
428,3436
428,3328
429,3765
429,1262
429,2317
430,418
430,2011
431,1597
431,3285
431,3397
432,369
432,2616
432,369
433,2317
433,1597
434,1859
434,4179
435,4244
435,946
436,3148
436,3751
437,1218
437,2749
437,3431
438,1041
439,2749
440,1959
441,1814
441,580
441,332
442,1959
443,1899
443,683
444,2407
444,2603
444,4225
445,3659
445,2783
445,688
446,1088
446,1141
446,4005
447,2594
447,1855
448,3431
449,1611
449,3943
449,1234
450,2317
450,2339
451,595
451,4019
451,1088
452,3159
452,3357
452,3437
453,4328
453,3094
454,648
454,4121
454,4225
455,1820
455,35
456,1523
456,539
456,2688
457,1855
458,2317
458,1927
459,312
460,3270
460,3799
460,1660
461,2148
461,2964
461,2295
462,917
462,1215
462,205
463,900
463,1431
463,1090
464,4252
464,2279
464,232
465,1184
465,4321
465,1812
466,1855
467,1225
467,1959
468,1767
468,2876
469,1820
470,1226
470,2022
471,1008
471,3431
472,3169
472,2961
472,3138
473,4002
474,2277
474,2516
475,1525
475,2638
475,1808
476,539
477,4326
477,4041
478,2317
478,341
479,919
479,2965
479,3192
480,2523
480,3166
481,302
481,1919
481,131
482,2317
483,3431
484,3943
485,1000
485,2317
486,416
488,1855
489,2648
489,396
490,3308
490,3728
490,2737
492,3146
492,971
493,2648
493,875
494,976
494,2011
494,4070
495,1732
496,3536
496,4053
497,3627
497,878
497,396
498,124
498,4250
498,396
499,3894
500,418
501,621
501,1617
502,1611
503,3669
503,3823
503,4083
504,3094
504,2385
504,3437
505,418
506,539
507,12
508,124
508,1579
508,2982
509,0
509,2458
509,2701
510,1611
510,3179
511,2444
512,855
512,1073
513,1624
513,2199
513,4039
514,2791
515,3619
515,481
516,2067
516,3431
516,1597
517,2711
517,1525
517,2638
518,912
518,2638
518,1859
519,3734
519,2022
520,1767
521,539
521,3968
522,3789
522,4171
522,1855
2000,2027
2000,47
2001,759
2001,2638
2002,3738
2002,4310
2003,1624
2003,2760
2003,393
2004,955
2004,3805
2004,2506
2005,1860
2005,1855
2006,3177
2006,2638
2007,955
2007,197
2007,3682
2008,1993
2008,1374
2008,3437
2009,955
2009,699
2009,1924
2010,4058
2010,3000
2010,523
2011,2074
2012,3195
2013,2638
2014,392
2014,3826
2014,2024
2015,4090
2015,3137
2015,3826
2016,3520
2017,2986
2017,3341
2018,3375
2019,3074
2019,1502
2019,3341
2020,1624
2021,4158
2022,1176
2023,2657
2024,4155
2024,3978
2026,955
2026,928
2026,4324
2027,4129
2027,3386
2027,3437
2028,1525
2028,817
2028,2638
2029,415
2030,955
2030,1598
2030,928
2031,1090
2031,2388
2031,2641
2032,1029
2032,3431
2032,3437
2033,2668
2033,3105
2034,1820
2034,35
2034,1855
2035,35
2035,1820
2035,1855
2036,921
2036,3286
2036,3791
2037,3341
2038,3580
2038,151
2038,191
2039,2384
2039,1359
2039,1855
2040,1864
2040,4310
2040,3760
2041,3073
2041,352
2041,1365
2042,3309
2042,127
2043,35
2044,2618
2044,2618
2044,1872
2045,3021
2045,3826
2045,3447
2046,3299
2046,539
2047,1781
2047,4324
2047,2910
2048,3087
2048,3431
2049,955
2049,723
2049,4194
2050,354
2050,3862
2051,4080
2051,3341
2051,1393
2052,1719
2052,3162
2052,1683
2053,1631
2053,3437
2053,279
2054,3352
2054,3221
2054,2317
2055,3826
2055,1689
2056,3233
2056,1894
2057,1141
2058,3757
2058,4006
2058,2508
2059,955
2059,723
2059,1896
2060,32
2060,2317
2061,1767
2062,975
2062,1550
2062,3470
2063,2833
2063,582
2063,358
2064,582
2064,3431
2065,33
2065,418
2065,2011
2066,2343
2066,2392
2067,3526
2067,4155
2067,3978
2068,704
2068,2484
2069,681
2069,2135
2069,4194
2070,2943
2070,3826
2070,3542
2071,4252
2071,2196
2071,403
2072,2931
2072,968
2072,1582
2073,4050
2073,3826
2074,1597
2074,2366
2075,2733
2075,2841
2075,2953
2076,975
2076,4349
2076,2458
2077,955
2077,3878
2077,988
2078,4091
2078,177
2078,232
2079,4158
2079,3826
2079,3409
2080,496
2080,3828
2080,539
2081,1176
2081,4190
2082,2404
2082,476
2082,600
2083,2701
2083,3886
2083,3250
2084,3607
2084,2340
2084,3978
2085,909
2085,4039
2085,3607
2086,3978
2086,2340
2086,2079
2087,1681
2087,4199
2087,4340
2088,3250
2088,3886
2088,2638
2089,2179
2089,2765
2089,1830
2090,2765
2090,2340
2090,3978
2091,1767
2091,393
2091,1499
2092,3603
2092,1624
2093,4004
2094,846
2094,4279
2095,3679
2095,1420
2096,2638
2096,1068
2096,3620
2097,3474
2097,1866
2097,4082
2098,3099
2099,1606
2099,3400
2099,2487
2100,955
2100,839
2100,1789
2101,3167
2101,723
2101,962
2102,1359
2102,3969
2102,1820
2103,2787
2103,742
2103,1964
2104,162
2104,742
2104,975
2106,975
2106,3575
2106,2404
2107,1704
2107,2733
2108,2526
2108,902
2108,2123
2109,4041
2109,3568
2109,1090
2110,3679
2110,2847
2111,307
2111,2404
2111,1964
2112,2002
2112,3120
2112,2054
2113,1150
2114,406
2114,1400
2114,3826
2115,1661
2115,3826
2116,3742
2116,1006
2118,803
2118,3437
2119,3068
2119,2475
2119,2701
2120,2209
2120,2797
2121,1073
2121,2404
2121,1402
2122,248
2122,2800
2122,1631
2123,3858
2123,3064
2124,1676
2125,2336
2125,809
2125,297
2126,4060
2126,1049
2126,4061
2127,2755
2128,3431
2128,3354
2128,2349
2129,3298
2129,539
2130,2826
2130,955
2130,44
2131,2596
2132,2045
2132,84
2132,4254
2133,900
2133,1359
2133,3568
2134,499
2134,2270
2134,2533
2135,4158
2135,4097
2135,1984
2136,2111
2136,2330
2136,1560
2137,2118
2137,2691
2138,3721
2138,3354
2139,1056
2139,2011
2140,79
2140,2851
2141,4259
2141,1372
2141,4123
2142,4082
2142,517
2142,1552
2143,955
2143,1908
2143,3252
2144,2691
2145,4129
2145,3500
2145,4092
2146,2413
2146,403
2146,3644
2147,35
2147,1359
2147,3826
2148,3117
2148,742
2148,1964
2149,1550
2150,975
2150,879
2150,1123
2151,2449
2151,3434
2151,539
2152,1839
2152,2474
2152,2372
2153,554
2153,1880
2153,4357
2154,4014
2154,1088
2155,4231
2155,442
2155,780
2156,2713
2156,1058
2157,617
2157,3908
2157,32
2158,2588
2158,776
2158,3437
2159,4208
2159,3351
2159,3674
2160,1594
2160,101
2160,723
2161,4131
2161,4009
2161,1631
2162,2662
2163,1710
2163,1055
2163,4251
2164,539
2164,2434
2164,3176
2165,3437
2165,955
2165,48
2166,3879
2166,3354
2167,3246
2167,1894
2167,3826
2168,3448
2168,1749
2169,3173
2169,2238
2169,1596
2170,708
2170,4171
2170,1966
2171,269
2171,4006
2171,3183
2172,985
2172,3757
2172,1338
2173,2667
2174,451
2174,523
2174,4058
2175,1484
2175,1415
2175,4108
2176,1250
2176,1168
2177,3171
2177,3171
2177,3246
2178,1092
2178,3431
2179,2701
2179,157
2179,218
2180,1361
2180,198
2181,3173
2181,1340
2181,570
2182,955
2182,3844
2182,1174
2183,2571
2183,2932
2183,2246
2184,955
2184,2186
2184,4041
2185,35
2185,4273
2185,42
2186,3596
2187,3596
2187,466
2188,135
2188,4167
2188,3192
2189,269
2189,913
2189,2537
2190,135
2190,4167
2190,2869
2191,3042
2191,2733
2191,1503
2192,3792
2192,539
2192,2837
2193,363
2193,792
2193,4310
2194,2347
2194,3826
2195,269
2195,4041
2196,287
2196,3719
2196,1561
2197,3372
2197,2388
2197,2819
2198,1073
2198,1668
2198,2870
2199,1359
2199,1820
2200,1073
2200,1372
2201,2733
2201,2994
2201,440
2202,354
2203,359
2203,1103
2204,2417
2204,3274
2204,3978
2205,2384
2205,2337
2205,2701
2206,1795
2207,1173
2207,3826
2208,1300
2208,1886
2209,499
2209,4137
2209,1783
2210,2661
2210,2170
2211,4058
2211,4058
2211,358
2212,2210
2212,1306
2212,2588
2213,2802
2213,4047
2214,461
2214,443
2214,2610
2215,1901
2215,1931
2216,416
2217,3300
2217,598
2217,2893
2218,692
2218,2148
2219,2038
2219,965
2219,2199
2220,345
2220,3398
2220,92
2221,120
2222,1767
2222,1767
2223,3525
2223,606
2223,1240
2224,2254
2224,3575
2224,2526
2225,582
2225,358
2225,2701
2226,3130
2226,2335
2227,2337
2227,1855
2228,1620
2228,1318
2228,253
2229,638
2229,1596
2229,2388
2230,2135
2231,2404
2231,1964
2231,1627
2232,2346
2232,3421
2233,774
2233,1197
2234,1831
2234,4039
2234,4315
2235,1685
2235,1823
2235,846
2236,1287
2237,2702
2238,1629
2238,2678
2238,1710
2239,2384
2239,1359
2239,1855
2240,2384
2240,1855
2241,4187
2241,3826
2242,4109
2242,79
2242,3826
2243,3024
2243,2800
2243,3663
2244,1141
2244,1141
2245,3603
2245,1156
2245,3826
2246,4328
2246,1613
2246,3744
2247,2559
2248,3535
2248,2380
2248,1924
2249,2317
2249,975
2249,4296
2250,1073
2250,4180
2250,2274
2251,2983
2252,2404
2252,3937
2253,32
2253,1964
2254,670
2254,1421
2254,2788
2255,1164
2256,35
2256,1820
2257,1006
2258,3192
2258,2835
2258,1909
2259,846
2259,2054
2260,1712
2260,692
2260,3727
2261,2384
2261,1359
2261,1855
2262,585
2262,4015
2263,2368
2263,3826
2263,3347
2264,358
2264,2701
2264,1855
2265,1176
2266,3437
2266,2210
2267,2764
2267,1467
2267,467
2268,3173
2268,1596
2268,931
2269,723
2269,1464
2269,3828
2270,2931
2270,3826
2270,2011
2271,370
2272,2419
2272,3831
2273,1239
2273,2138
2274,2384
2274,1359
2274,1855
2275,1855
2275,2384
2275,3349
2276,1277
2276,556
2276,3431
2277,2562
2277,1551
2277,3829
2278,2384
2278,1359
2278,1855
2279,3826
2279,1760
2280,3683
2280,3826
2281,3354
2282,134
2282,2100
2283,4328
2283,3569
2283,2506
2284,2100
2284,2156
2285,3988
2285,241
2285,2905
2286,1176
2287,1340
2288,4158
2288,1460
2288,3826
2289,3173
2289,605
2289,102
2290,4068
2290,1113
2290,2299
2291,1385
2292,3978
2293,3644
2293,3052
2293,1552
2294,3641
2295,4260
2295,2048
2295,1400
2296,1057
2296,1409
2296,1308
2297,2701
2298,2518
2298,3404
2298,1808
2299,1498
2299,1767
2299,393
2300,1465
2300,680
2300,1342
2301,4
2301,1026
2301,1710
2302,1828
2302,4248
2302,1855
2303,622
2303,1790
2304,24
2304,1028
2305,1767
2305,3638
2306,269
2306,269
2306,866
2307,2614
2307,3904
2308,955
2308,1504
2308,278
2309,4037
2309,2118
2309,3597
2310,2429
2310,2100
2310,681
2311,1624
2312,1624
2313,1624
2314,1624
2314,4039
2315,1767
2316,1624
2317,3006
2317,3859
2317,2045
2318,3603
2318,817
2319,773
2319,2100
2319,2761
2320,1820
2321,3826
2321,1413
2321,2787
2322,142
2322,3535
2322,2380
2323,110
2323,1169
2324,1767
2324,2720
2324,743
2325,1498
2325,817
2325,3398
2326,1710
2327,742
2327,975
2327,2317
2328,3360
2328,3141
2328,955
2329,955
2329,3320
2330,807
2330,42
2331,1951
2331,2265
2331,1855
2332,949
2332,4058
2332,949
2333,4261
2333,3344
2333,499
2334,1840
2335,1880
2335,1677
2335,2817
2336,3568
2336,1812
2337,2117
2337,2104
2337,975
2338,4017
2338,3354
2338,983
2339,4271
2339,3826
2339,2954
2340,3247
2340,1994
2340,3826
2341,1994
2342,955
2342,3052
2342,1263
2343,3284
2343,1084
2343,3597
2344,354
2344,1128
2345,269
2345,913
2345,2011
2346,789
2346,3826
2346,3075
2347,2593
2348,1270
2348,2350
2348,2577
2349,2404
2349,2246
2349,2297
2350,861
2350,1794
2351,2838
2351,1414
2351,274
2352,692
2352,582
2352,531
2353,1500
2354,4261
2355,3698
2355,3878
2355,2241
2356,3828
2357,1994
2357,201
2357,2306
2358,3826
2358,1500
2358,2450
2359,1135
2359,1359
2359,3826
2360,212
2360,1572
2360,3012
2361,151
2361,3580
2362,407
2363,893
2363,4278
2364,3525
2364,1710
2365,1049
2365,1141
2366,2945
2367,3484
2367,3781
2367,1861
2368,3966
2368,249
2368,744
2369,1683
2369,1552
2369,2563
2370,955
2370,2602
2371,751
2371,3437
2371,1601
2372,2355
2373,1889
2373,1282
2373,2317
2374,4082
2374,3053
2374,3826
2375,2976
2375,1919
2375,3354
2376,2235
2377,2196
2378,4082
2378,4082
2378,955
2379,1467
2379,2384
2379,1855
2380,2384
2380,2833
2380,1359
2381,2470
2381,1817
2382,2910
2382,3553
2382,2951
2383,955
2383,1504
2383,3827
2384,1764
2385,837
2385,1141
2386,1817
2386,1987
2386,1987
2387,2506
2387,4328
2387,1855
2388,4058
2388,2037
2388,278
2389,2404
2389,2855
2389,1402
2390,744
2390,1552
2390,4197
2391,237
2391,1811
2391,2261
2392,3012
2393,3173
2393,1925
2393,406
2394,955
2394,2355
2394,4324
2395,1083
2396,3715
2397,3761
2397,3674
2399,1872
2399,2011
2400,2578
2400,3400
2400,2487
2401,111
2401,957
2402,2317
2402,975
2402,1209
2403,2882
2403,1341
2404,828
2404,3153
2404,1015
2405,316
2406,2980
2407,4300
2407,3437
2407,2246
2408,2237
2409,2955
2409,36
2409,3434
2410,4004
2410,3553
2410,3311
2411,1216
2412,1008
2412,3978
2412,4041
2414,3062
2415,2404
2415,2853
2415,1550
2416,3431
2416,3178
2417,3618
2417,1812
2418,2034
2418,1340
2419,2100
2419,266
2420,4093
2421,1655
2421,1102
2421,42
2422,1605
2422,1208
2422,1019
2423,3939
2424,2839
2425,1880
2425,1677
2425,1150
2426,1803
2426,3215
2426,2118
2427,2510
2428,2661
2428,3057
2428,3192
2429,3914
2429,120
2429,408
2430,3354
2430,3954
2430,3062
2431,2135
2431,2691
2432,4105
2433,3756
2433,759
2433,1008
2434,1179
2434,3988
2435,1767
2435,2048
2435,1808
2436,1624
2436,3988
2437,1089
2437,2410
2437,633
2438,2714
2438,3755
2438,1994
2439,2317
2439,3994
2439,2371
2440,955
2440,4361
2440,1647
2441,2384
2441,1359
2441,1855
2442,2575
2442,928
2442,1029
2443,955
2443,1504
2443,1263
2444,3375
2444,4098
2444,759
2446,955
2446,466
2446,400
2447,2566
2448,1200
2448,695
2448,947
2449,2701
2449,3457
2449,2494
2450,1820
2450,1855
2450,4039
2451,968
2451,1028
2452,3375
2452,79
2452,759
2453,4289
2453,2047
2453,2476
2454,207
2454,3024
2454,1716
2455,3375
2455,759
2455,2405
2456,4082
2456,2414
2456,594
2457,3375
2457,759
2457,1095
2458,207
2458,3024
2458,1716
2459,1767
2460,2605
2460,1336
2460,1088
2461,680
2461,2244
2461,3214
2462,1624
2462,4312
2462,3121
2463,4158
2463,899
2463,4327
2464,3405
2464,741
2464,839
2465,3382
2466,3687
2466,3687
2466,937
2467,1767
2468,2262
2468,2321
2469,3828
2469,539
2469,3354
2470,2689
2471,539
2471,723
2472,4162
2472,539
2472,1988
2473,3850
2474,331
2474,2756
2475,2318
2475,3826
2476,728
2476,273
2476,1987
2477,955
2477,3256
2477,1287
2478,4208
2478,539
2478,3354
2479,692
2479,1931
2479,253
2480,2210
2480,2708
2480,828
2481,4045
2482,3682
2482,2982
2482,1474
2483,2983
2483,135
2485,1176
2486,2531
2486,437
2486,817
2487,3738
2488,955
2488,3068
2488,3888
2489,920
2489,647
2489,3462
2490,3642
2490,1573
2490,4127
2491,2255
2491,663
2492,2227
2492,2227
2492,2950
2493,35
2493,1855
2494,2262
2494,1904
2495,2417
2495,2701
2495,3538
2496,2275
2496,1594
2497,1919
2498,1919
2499,1404
2500,3883
2500,269
2500,2393
2501,1464
2501,3577
2501,2794
2502,885
2502,1509
2503,3973
2503,901
2503,3050
2504,1919
2504,1405
2504,4197
2505,1596
2505,931
2505,768
2506,3004
2506,883
2507,3463
2508,2952
2508,3826
2509,1500
2509,1294
2509,4012
2510,955
2510,532
2511,2945
2511,2140
2511,933
2512,1639
2512,1697
2512,2445
2513,4037
2514,3415
2514,2326
2515,1524
2516,4064
2516,862
2517,1504
2517,2011
2518,2111
2518,955
2518,2118
2519,4274
2520,2794
2520,2806
2521,447
2521,828
2522,4266
2522,3826
2523,839
2523,1678
2524,3922
2524,3225
2524,2370
2525,3375
2525,759
2526,1767
2527,1400
2527,406
2528,786
2528,1498
2528,346
2529,4261
2530,1624
2531,1127
2531,1331
2531,1400
2532,1195
2532,3527
2533,1438
2534,1803
2535,354
2535,1543
2535,1717
2536,1494
2537,539
2538,3021
2538,3826
2538,3447
2539,1599
2540,3816
2540,451
2541,3713
2542,955
2542,498
2543,966
2544,3740
2544,186
2544,3005
2545,3738
2545,2367
2545,2250
2546,3068
2548,125
2549,2272
2550,4274
2550,3545
2550,2011
2551,3192
2551,1830
2551,1665
2553,1861
2553,8
2554,1820
2554,1435
2554,1139
2555,3054
2555,333
2555,1749
2556,3876
2556,1500
2556,4077
2557,352
2557,2120
2559,1504
2560,955
2560,3185
2561,3466
2562,1994
2562,2987
2563,578
2563,4088
2564,3822
2564,1008
2564,692
2565,646
2566,1476
2566,737
2566,608
2567,2701
2567,3372
2567,3372
2568,2570
2568,1359
2568,1855
2569,3319
2570,2679
2570,67
2570,67
2571,955
2571,4298
2572,1538
2573,1465
2573,2556
2573,2155
2574,846
2574,3826
2576,817
2576,1372
2576,3094
2577,1197
2578,3314
2579,1709
2579,1006
2579,42
2580,499
2580,3073
2581,466
2582,3024
2582,1313
2582,474
2583,291
2583,261
2584,3126
2585,2852
2585,4110
2586,3455
2586,764
2587,4325
2587,518
2587,4325
2588,3561
2588,1917
2588,3318
2589,2269
2590,539
2590,1764
2591,705
2591,2607
2592,2790
2592,3772
2592,3248
2593,4082
2593,1552
2594,541
2595,1709
2595,539
2596,1907
2597,2100
2597,1501
2598,4179
2598,3664
2599,2070
2599,2381
2599,1855
2600,1524
2601,2037
2601,3826
2601,2121
2602,633
2602,3341
2602,3207
2603,4156
2603,1005
2603,3542
2604,2984
2604,2121
2605,3679
2605,2054
2606,3679
2607,975
2607,3607
2607,1176
2608,558
2608,1526
2609,2721
2609,2923
2609,1736
2610,3997
2610,2290
2610,1541
2611,2981
2611,298
2613,4177
2613,1855
2614,4006
2614,3354
2614,1768
2615,2115
2615,396
2616,1115
2616,1841
2616,2317
2617,4267
2617,3826
2618,124
2618,232
2618,2043
2619,3694
2619,278
2619,2893
2620,1148
2620,726
2620,744
2621,1827
2621,1953
2621,1741
2622,955
2622,3223
2623,2795
2623,1205
2624,2462
2625,3576
2625,4017
2625,818
2626,1827
2626,1953
2627,3997
2627,2290
2627,1150
2628,1629
2628,262
2629,471
2630,3679
2631,3400
2631,2487
2631,2054
2632,1969
2632,1862
2632,3679
2633,3120
2633,301
2633,4279
2634,1340
2634,3457
2634,4340
2635,2122
2635,3431
2636,3568
2636,2341
2636,1812
2637,1883
2637,3189
2637,2750
2638,904
2638,2118
2639,3478
2640,1695
2640,2701
2640,3431
2641,2575
2641,2288
2641,4324
2642,1092
2642,2701
2642,3431
2643,1092
2643,3431
2644,3778
2644,1261
2644,2317
2645,955
2645,3013
2645,3437
2646,1436
2647,2414
2647,4082
2647,3431
2648,4177
2648,1855
2649,2897
2650,2661
2650,3192
2651,2661
2651,3287
2651,1516
2652,689
2652,1556
2652,153
2653,1939
2653,3920
2654,165
2654,1204
2654,2881
2655,124
2655,760
2656,1629
2657,3457
2657,2701
2658,1956
2659,2156
2659,1855
2659,2701
2660,4004
2661,723
2661,2681
2662,3234
2662,2521
2662,2317
2663,2722
2663,3982
2664,204
2664,723
2664,2631
2665,2718
2665,975
2665,1855
2666,1160
2666,3089
2666,134
2667,2414
2667,1742
2667,4082
2668,2930
2668,2905
2668,1620
2669,805
2669,2430
2669,4116
2670,4177
2670,1855
2671,1027
2671,3431
2671,1376
2672,975
2672,1007
2673,2404
2673,3316
2674,2492
2675,2384
2675,3695
2675,1359
2676,2165
2676,1034
2676,3826
2677,692
2677,2931
2677,467
2678,1359
2678,3260
2678,769
2679,984
2679,2395
2680,1629
2682,96
2682,3642
2682,1241
2683,3192
2683,3405
2683,1165
2684,2340
2684,3978
2685,471
2686,2638
2686,839
2686,4211
2687,213
2687,2656
2687,3498
2688,3306
2689,3998
2689,1359
2689,1820
2690,2817
2690,1859
2691,4359
2691,1378
2691,2572
2692,3301
2692,4169
2692,3046
2693,1555
2693,218
2693,3653
2694,1859
2694,3664
2695,1767
2696,1287
2696,3826
2696,2054
2697,839
2697,3475
2697,4211
2699,2317
2699,1441
2700,3632
2700,1887
2700,1422
2701,1498
2701,1028
2701,1758
2702,4169
2702,2502
2703,2572
2703,3891
2703,3304
2704,1789
2704,2386
2704,3612
2705,4004
2705,681
2705,1596
2706,1941
2706,3341
2706,3207
2707,4329
2707,3826
2707,1859
2708,720
2708,1500
2708,1863
2709,955
2709,2387
2710,1144
2710,616
2710,1855
2711,1832
2711,3694
2711,1809
2712,2317
2712,2644
2712,4177
2713,4169
2713,3120
2713,3777
2714,3120
2714,301
2714,262
2715,4082
2717,975
2717,4317
2717,967
2718,3698
2719,26
2720,1500
2720,412
2720,1991
2721,261
2721,4267
2722,2016
2722,938
2722,4321
2723,3960
2723,2317
2724,571
2724,3394
2724,3069
2725,150
2725,1500
2725,2450
2726,2185
2726,1504
2727,3792
2727,2290
2727,903
2728,863
2728,2703
2728,3154
2729,2620
2729,1660
2729,1518
2730,1376
2730,990
2730,3192
2732,723
2733,3997
2733,2290
2734,1060
2734,3960
2734,1451
2735,875
2735,1296
2736,1552
2736,1723
2736,1683
2737,3599
2737,1841
2737,1808
2738,3751
2738,1813
2739,2896
2739,3703
2740,623
2740,2822
2740,4321
2741,1959
2741,3431
2742,2645
2742,1464
2743,3867
2743,1029
2743,4353
2745,4084
2745,848
2745,1101
2746,2167
2746,2984
2746,186
2747,2606
2747,356
2748,2648
2748,2285
2749,4074
2749,257
2749,1710
2750,637
2751,3188
2751,3826
2752,1682
2752,1862
2752,2121
2753,1525
2753,2522
2753,383
2754,1802
2754,1011
2754,1969
2755,3400
2755,82
2755,2459
2756,2006
2756,1823
2756,1823
2758,1150
2758,1866
2758,4082
2759,1820
2760,1685
2761,1880
2761,1150
2762,1476
2762,1408
2762,4114
2763,143
2763,3192
2763,7
2764,3568
2764,1855
2764,366
2765,1695
2765,3431
2766,2074
2766,515
2766,3378
2767,3952
2767,1135
2767,2011
2768,1695
2768,1812
2768,3431
2769,3192
2769,1830
2769,3874
2770,1282
2770,1322
2770,366
2771,1029
2771,104
2771,2856
2772,2350
2772,2577
2772,1270
2773,2744
2773,993
2773,1812
2774,523
2774,2569
2774,2136
2775,358
2775,4221
2775,1855
2777,4309
2778,1950
2778,2317
2778,975
2779,3520
2779,3354
2779,1855
2780,3826
2780,4048
2780,1177
2782,710
2782,2118
2782,1688
2784,4017
2784,1939
2785,879
2786,4004
2786,780
2787,1088
2787,2015
2787,2512
2788,539
2789,4010
2789,120
2789,837
2790,309
2790,2459
2791,1893
2792,1624
2792,3988
2793,948
2793,1789
2793,4324
2794,3615
2794,1845
2794,2701
2795,111
2795,508
2795,2091
2796,2833
2796,503
2796,1855
2797,1875
2797,1260
2798,3694
2798,3288
2799,3354
2799,2282
2800,113
2800,1476
2800,4232
2801,2173
2801,2825
2801,1855
2802,4328
2802,218
2802,1855
2803,1090
2803,2057
2803,3446
2804,1738
2805,3162
2805,2404
2805,1618
2806,1047
2806,4286
2806,1981
2807,2701
2807,3492
2807,1990
2808,71
2808,3826
2810,2125
2810,3467
2810,3431
2811,4152
2811,4295
2811,3192
2812,955
2812,1097
2812,3185
2813,2317
2814,2020
2814,938
2814,3437
2815,523
2815,3192
2816,2050
2816,1552
2816,4295
2817,710
2817,2782
2817,1803
2818,955
2818,1263
2818,4139
2819,1376
2819,831
2819,3192
2820,3641
2820,1552
2821,4082
2821,3053
2821,1855
2822,3644
2823,3577
2823,1172
2824,1864
2824,1683
2824,3292
2825,4082
2825,3192
2825,2855
2826,1683
2826,2191
2827,1497
2827,4310
2827,2964
2828,523
2828,2927
2828,967
2829,2947
2829,2901
2829,2893
2830,2403
2830,3354
2831,955
2831,2506
2831,3136
2832,3192
2832,3630
2832,2855
2833,152
2833,35
2833,1855
2834,2701
2834,3886
2834,3250
2835,2701
2835,4248
2835,1576
2836,975
2837,1855
2838,1441
2838,3431
2839,654
2840,935
2841,1320
2842,1659
2842,1997
2842,4054
2843,3368
2843,1278
2843,744
2844,643
2844,1855
2845,295
2846,3578
2846,3094
2847,4082
2847,3877
2847,2414
2848,124
2848,4205
2848,992
2849,3694
2849,2445
2850,3577
2850,4339
2851,4082
2851,1552
2851,3109
2852,3192
2852,2371
2852,850
2853,4214
2854,1263
2854,779
2854,287
2855,952
2855,3431
2856,1686
2856,56
2856,4078
2857,739
2858,290
2860,2640
2860,2608
2860,4254
2861,3041
2861,4006
2862,1625
2863,4085
2863,1150
2863,940
2864,4181
2864,966
2865,3173
2866,3412
2867,1937
2867,2355
2867,4305
2868,3167
2868,2562
2868,1717
2869,208
2869,609
2869,499
2870,2840
2870,2442
2870,2157
2872,3997
2872,430
2872,623
2873,3968
2874,396
2874,3943
2874,691
2875,3533
2876,2078
2876,1510
2876,1170
2877,2495
2877,3361
2877,2166
2878,788
2878,3826
2879,1337
2881,2524
2881,2978
2882,503
2882,691
2882,3989
2883,358
2883,2701
2883,2696
2884,267
2884,3865
2884,2701
2885,1282
2885,1652
2885,4353
2886,860
2887,3287
2887,1658
2887,3192
2888,2738
2888,1293
2888,4083
2889,3686
2889,539
2891,2317
2891,2317
2891,975
2892,1174
2892,4082
2892,1818
2893,499
2894,881
2894,1935
2894,3431
2897,2267
2897,371
2897,269
2898,3961
2898,1210
2898,3116
2899,2827
2899,2135
2899,4194
2900,1550
2900,3554
2900,552
2901,4321
2901,3354
2901,2822
2902,499
2903,539
2903,3042
2903,2754
2904,101
2904,1679
2905,3354
2905,523
2905,4206
2906,1671
2907,234
2907,3762
2908,112
2908,10
2908,1898
2909,192
2909,1030
2909,4092
2910,3795
2910,1808
2910,968
2911,1767
2912,730
2912,1180
2913,1078
2913,1823
2913,4136
2914,3120
2914,301
2914,633
2915,3400
2916,475
2916,886
2916,1400
2917,4113
2917,1030
2917,3427
2918,1397
2919,4277
2919,454
2920,4169
2920,2028
2920,3120
2921,977
2921,840
2921,4279
2922,335
2922,656
2922,3603
2923,2454
2924,1922
2924,1031
2924,1073
2925,4055
2925,3192
2925,955
2926,105
2926,445
2927,161
2927,2163
2927,4041
2928,2704
2928,2355
2928,2563
2929,1504
2929,3782
2929,4094
2930,1375
2930,445
2931,1467
2931,2384
2931,1855
2932,141
2932,817
2932,1903
2933,520
2933,3382
2934,765
2934,3004
2934,2822
2935,975
2935,1176
2935,3723
2936,157
2936,2534
2936,39
2937,1263
2937,269
2937,3826
2938,2855
2938,3479
2938,3192
2939,2922
2939,499
2940,304
2940,3567
2941,1047
2941,1240
2943,2419
2944,1701
2944,1455
2944,3094
2945,3689
2945,3002
2945,1500
2946,539
2946,3681
2947,3354
2947,319
2948,2701
2948,3004
2948,1785
2949,3823
2949,3712
2950,3928
2950,1906
2950,1088
2951,366
2951,2317
2951,1616
2952,2985
2953,4169
2953,3120
2953,1862
2955,3291
2956,356
2957,3299
2957,539
2957,539
2959,3178
2962,255
2962,2181
2963,3347
2964,2061
2964,1016
2964,2850
2965,3192
2965,2037
2966,270
2967,2719
2967,2408
2967,3494
2968,1500
2968,3871
2969,955
2969,935
2970,560
2970,765
2971,2132
2971,3826
2972,174
2972,1198
2972,761
2973,2589
2973,1529
2974,2940
2974,1500
2975,266
2976,2429
2976,1688
2976,2118
2977,4052
2978,799
2978,636
2980,723
2980,3520
2981,573
2981,2404
2982,1803
2982,3259
2983,3131
2984,500
2984,640
2984,4081
2985,1989
2986,4129
2986,74
2986,3206
2987,3120
2987,1685
2988,1609
2988,2454
2989,3166
2989,1767
2989,963
2990,3347
2990,3868
2990,3202
2991,3120
2991,1629
2991,2006
2992,242
2993,317
2994,955
2994,2783
2994,514
2995,262
2995,1898
2996,3694
2996,3431
2997,1620
2997,839
2997,3437
2998,597
2998,1736
2998,3639
2999,429
3000,356
3000,153
3000,2540
3001,4318
3003,477
3003,1979
3003,2893
3004,459
3004,242
3005,3943
3007,1530
3007,1791
3008,2576
3008,1459
3008,4211
3010,2648
3010,1624
3010,3009
3011,3302
3012,955
3012,3973
3012,3437
3013,633
3013,1397
3014,897
3014,3347
3015,823
3015,835
3015,2700
3016,3120
3016,1802
3016,1978
3017,223
3017,3826
3017,3387
3018,3666
3018,4047
3019,1577
3020,653
3020,1028
3021,846
3022,43
3022,1257
3022,4132
3023,3251
3024,335
3024,2638
3025,2329
3025,2511
3025,408
3026,3166
3026,1767
3026,346
3027,2208
3027,3267
3027,1316
3028,633
3028,3341
3029,2980
3030,3120
3030,2013
3030,2054
3031,1898
3031,4168
3032,3289
3033,1980
3033,3341
3033,3207
3034,4211
3034,2461
3034,1602
3035,4169
3035,3482
3035,2438
3036,3120
3036,1347
3036,1621
3038,3325
3038,3598
3038,3918
3039,1548
3039,1624
3040,759
3040,3375
3041,975
3041,2336
3041,2823
3042,2384
3042,1855
3042,4039
3043,1767
3043,3414
3044,1767
3044,199
3045,3726
3046,636
3046,1097
3047,2820
3048,3662
3048,1500
3048,4108
3049,3679
3049,8
3049,2054
3050,1516
3050,932
3050,1837
3051,4335
3051,2701
3051,1933
3052,584
3052,3503
3053,2153
3053,744
3053,3192
3054,3120
3054,301
3055,3167
3055,3118
3055,404
3056,689
3057,539
3058,1230
3058,989
3060,4267
3061,1654
3061,4147
3061,4161
3062,354
3062,2180
3063,1305
3064,1945
3064,2121
3065,633
3065,264
3065,785
3066,2543
3066,1173
3067,2513
3067,2064
3068,393
3068,3826
3069,3434
3070,3662
3070,2509
3071,4189
3072,654
3072,3577
3072,4194
3073,1500
3073,3204
3073,553
3074,2632
3074,2547
3074,2703
3075,3958
3075,4104
3075,2317
3076,4277
3078,2439
3078,300
3079,37
3080,2256
3080,2821
3080,3347
3081,2102
3081,2690
3081,551
3082,1827
3082,1741
3083,1131
3083,2955
3085,1767
3085,3414
3086,337
3086,1219
3086,2174
3087,2696
3087,793
3087,1855
3088,3084
3089,1958
3089,3826
3090,2911
3090,2244
3091,2311
3092,3528
3092,2463
3092,3068
3093,2815
3093,3674
3093,103
3094,354
3094,3071
3094,539
3095,864
3095,3819
3095,2703
3096,3665
3096,1614
3096,4004
3097,121
3097,3940
3098,3375
3098,759
3099,698
3099,2711
3099,2920
3100,2739
3100,2029
3100,3431
3101,689
3102,2648
3102,1820
3103,4129
3103,3437
3103,1093
3104,1767
3105,3795
3105,2638
3105,2980
3106,2648
3106,396
3107,3022
3107,3826
3107,3347
3108,35
3108,1820
3109,3422
3109,1767
3109,2001
3110,3573
3110,1710
3110,2422
3111,4225
3111,418
3111,2148
3112,59
3113,3752
3113,3287
3114,2418
3114,967
3114,3192
3115,1639
3115,4134
3115,2660
3116,4063
3117,709
3117,2419
3117,484
3118,3042
3118,2419
3119,1982
3120,2491
3120,2696
3120,376
3121,1092
3121,3431
3122,825
3122,1243
3122,2786
3123,539
3123,624
3124,4261
3125,3643
3125,1999
3125,2701
3126,1130
3126,1996
3127,3192
3127,1812
3127,2701
3128,1092
3128,282
3128,1900
3129,1803
3129,539
3130,27
3131,1326
3131,3431
3132,3141
3132,2336
3132,427
3133,1515
3133,1794
3133,4353
3134,3662
3134,2707
3135,3104
3135,3968
3135,4036
3136,3855
3137,1294
3137,1500
3138,3094
3138,4344
3139,3943
3139,3892
3139,3970
3140,3943
3140,3970
3141,4330
3141,3269
3142,1500
3143,2981
3143,379
3143,298
3144,1355
3145,1340
3145,1349
3145,3845
3146,2404
3146,1340
3147,1847
3147,1036
3147,1588
3148,1347
3148,574
3148,1946
3149,1587
3149,3437
3149,2011
3150,124
3150,3309
3150,3431
3151,2596
3152,2364
3152,762
3154,3684
3155,4347
3155,1500
3156,1176
3157,3809
3158,678
3158,638
3158,3826
3160,1500
3160,1500
3161,1088
3161,65
3161,915
3162,1188
3162,357
3163,884
3163,124
3163,224
3164,2317
3164,2212
3165,846
3165,1016
3165,2928
3166,527
3166,2496
3166,1044
3167,3052
3167,3644
3167,3431
3168,3552
3168,771
3168,1710
3169,4097
3169,3912
3169,939
3170,628
3170,3851
3170,627
3171,3192
3171,2855
3172,3943
3172,691
3172,3989
3173,2185
3173,2148
3174,4214
3174,4267
3174,4041
3175,763
3175,2982
3175,1660
3176,486
3176,3332
3176,4082
3177,3186
3178,692
3178,765
3178,462
3179,1029
3179,3431
3180,3317
3180,2828
3180,1801
3181,2290
3181,3883
3181,337
3182,3354
3182,969
3183,3767
3183,2688
3183,1627
3184,1348
3185,610
3186,758
3187,205
3187,1723
3187,723
3188,1410
3189,4082
3189,1273
3189,14
3190,1803
3191,3826
3192,2085
3192,3629
3192,3051
3193,1349
3193,955
3193,1550
3194,911
3194,1034
3194,3826
3195,109
3195,2783
3195,2317
3196,62
3196,1825
3196,1044
3197,3130
3197,1901
3197,2574
3198,975
3198,1176
3199,1812
3199,3250
3199,2246
3200,4267
3200,3929
3201,922
3201,1830
3201,3874
3202,125
3203,692
3203,1062
3203,2701
3204,2292
3204,2582
3204,2248
3205,60
3205,2317
3206,1240
3206,3644
3206,3176
3207,4220
3207,3824
3207,3417
3208,3173
3208,605
3208,4004
3209,692
3209,4034
3209,467
3210,347
3210,1034
3211,2466
3211,4041
3212,352
3212,2494
3212,3437
3213,177
3213,336
3213,243
3215,1034
3215,3571
3216,1723
3216,1552
3216,2563
3217,313
3217,1743
3217,348
3218,1077
3218,2249
3218,4041
3219,4025
3220,2229
3220,2248
3221,3539
3221,337
3221,3094
3222,4082
3222,2488
3222,337
3223,2317
3223,3538
3223,1957
3224,1399
3224,627
3224,198
3225,520
3225,1933
3225,1213
3226,3528
3226,3507
3226,3687
3227,3244
3228,975
3228,2294
3228,2723
3229,830
3229,830
3229,1817
3230,1489
3230,3826
3231,1503
3231,3642
3231,4338
3232,1606
3232,1986
3232,2843
3233,2314
3234,2487
3234,1606
3234,2459
3235,1975
3235,2673
3236,4185
3236,2717
3237,1767
3237,393
3237,1499
3238,1014
3238,567
3238,1574
3239,1855
3239,1748
3239,3456
3241,1680
3241,4182
3242,1624
3242,4122
3243,1188
3244,2847
3244,3392
3244,2054
3245,2846
3245,781
3245,621
3247,438
3247,1483
3247,540
3248,2232
3248,1400
3248,320
3249,3794
3249,1855
3250,4321
3250,2693
3251,1696
3252,3511
3252,3354
3252,839
3253,545
3253,3369
3253,491
3254,622
3254,2936
3254,511
3255,3400
3255,2721
3255,390
3256,692
3256,1820
3256,1855
3257,3132
3257,2041
3257,3624
3258,2271
3259,2397
3259,1500
3260,1340
3260,2307
3260,750
3261,678
3261,638
3263,315
3263,2630
3263,3010
3264,303
3264,4239
3264,3271
3265,1162
3265,539
3266,3592
3266,4108
3266,2707
3267,729
3268,576
3269,418
3270,3240
3271,654
3272,3925
3272,3925
3273,499
3273,424
3273,3434
3274,3968
3274,3262
3275,3192
3275,3287
3275,3198
3277,3566
3277,124
3277,23
3278,1017
3278,4245
3279,3085
3279,3085
3279,2763
3280,4270
3281,4058
3281,937
3282,3034
3282,4140
3282,583
3283,2820
3284,2277
3284,1136
3284,2822
3285,334
3285,1995
3285,3356
3286,2494
3286,955
3286,3437
3287,1610
3288,2588
3288,1794
3288,400
3289,149
3289,3884
3289,63
3290,2508
3290,3826
3290,3075
3291,807
3291,1855
3292,4166
3292,9
3292,1678
3293,2203
3293,1279
3294,3373
3295,2691
3295,539
3295,165
3296,2867
3296,4162
3296,1683
3297,950
3297,822
3297,2535
3298,1056
3299,2642
3300,470
3300,539
3300,4252
3301,1855
3302,1081
3303,1777
3303,3333
3303,4193
3304,2266
3304,493
3305,3161
3305,1037
3305,722
3306,3713
3306,539
3306,2881
3307,2994
3308,828
3308,526
3308,461
3309,305
3309,1877
3309,400
3310,1657
3310,2335
3310,1781
3311,3093
3311,68
3311,1835
3312,1476
3312,3817
3312,3597
3313,1289
3314,2939
3314,1122
3315,1057
3315,1409
3315,1308
3316,1524
3317,4252
3317,2359
3318,2938
3318,198
3319,964
3319,3788
3319,1072
3320,218
3320,3805
3320,3805
3321,1678
3321,657
3321,737
3322,33
3323,1057
3323,1552
3324,1820
3324,35
3325,1624
3325,2648
3326,1898
3327,4169
3327,45
3327,1562
3328,4008
3328,144
3328,1502
3329,4169
3329,795
3330,2317
3330,742
3330,975
3331,1525
3331,1465
3331,2556
3332,4169
3332,3120
3332,3791
3333,4084
3333,2079
3333,61
3334,1823
3335,1011
3335,2054
3335,785
3336,2984
3336,561
3336,574
3337,1706
3337,2936
3337,3400
3338,3035
3338,4039
3338,2921
3339,1176
3340,1862
3340,633
3340,701
3341,420
3341,912
3341,2638
3342,1812
3342,2417
3342,4344
3343,3192
3343,3568
3344,975
3344,3607
3344,1176
3345,393
3346,1441
3346,3431
3347,3431
3348,1874
3348,2855
3348,3192
3349,4082
3349,3354
3350,1253
3350,1631
3350,2464
3351,484
3351,3725
3351,3524
3352,427
3353,2810
3353,1856
3353,1073
3354,699
3354,479
3354,2933
3355,3080
3355,1608
3355,2318
3356,2365
3356,4299
3357,3142
3357,3667
3357,1305
3358,2729
3358,1263
3358,2234
3359,4278
3359,2210
3361,4166
3361,2217
3361,2039
3362,1920
3363,677
3363,2724
3364,1776
3364,1855
3365,1264
3366,397
3367,69
3369,860
3369,1396
3370,3120
3370,633
3370,3679
3371,2509
3371,1500
3372,216
3373,1425
3375,88
3375,3437
3376,150
3376,1500
3377,3068
3377,813
3379,2719
3379,2408
3380,2583
3381,4227
3381,1294
3382,1397
3382,2090
3382,4279
3384,955
3384,3973
3384,1667
3385,1034
3386,2587
3386,3543
3386,1855
3387,1873
3387,3001
3388,1088
3388,2236
3389,4084
3389,2338
3389,1574
3390,4157
3390,1769
3391,2764
3391,1551
3391,3192
3392,1597
3392,4041
3392,3522
3393,3354
3394,1899
3394,1640
3395,661
3396,3414
3398,2820
3399,1633
3399,1063
3401,3694
3401,4075
3401,2404
3402,3400
3402,2487
3402,2054
3403,2900
3403,1812
3403,2701
3404,318
3404,3437
3404,3913
3405,3756
3405,547
3405,1137
3406,2022
3407,2945
3407,1500
3408,1423
3408,586
3408,3639
3409,2072
3410,1088
3410,1088
3410,408
3411,1629
3411,10
3411,262
3412,2317
3412,366
3412,3656
3413,1767
3414,800
3414,2302
3415,3310
3416,566
3417,3400
3417,3678
3418,2145
3419,1767
3419,146
3420,2172
3420,947
3420,3192
3421,1583
3421,3767
3421,292
3422,1359
3422,1820
3423,727
3423,621
3423,3691
3424,3074
3424,3341
3424,3207
3425,3219
3425,3503
3425,3938
3427,3400
3428,4169
3428,3120
3428,2006
3429,1376
3429,1211
3429,3682
3430,100
3430,958
3431,3989
3431,691
3431,959
3432,1934
3432,1376
3432,1251
3433,1629
3434,4290
3435,1721
3435,120
3435,3304
3436,621
3436,738
3436,817
3437,955
3437,928
3437,4324
3438,3120
3438,1774
3438,2595
3439,1710
3439,4
3439,3007
3440,1624
3440,4039
3441,1899
3441,3826
3442,3375
3442,759
3442,547
3443,1767
3443,1656
3443,2720
3444,3874
3444,1028
3444,307
3445,1726
3445,4269
3445,2664
3446,4169
3447,1767
3448,3722
3448,2
3448,858
3449,3120
3449,689
3449,2821
3450,660
3450,2327
3451,3639
3451,2821
3452,3353
3454,3085
3454,2958
3455,1802
3456,2721
3456,2409
3456,3322
3457,2384
3457,1359
3457,1855
3458,4124
3458,1969
3459,1767
3459,963
3460,1265
3460,2496
3460,1015
3461,759
3461,2638
3462,4169
3462,4169
3462,3120
3464,4138
3464,2655
3464,2356
3465,3779
3465,2302
3466,1498
3467,146
3467,1767
3468,3736
3468,1449
3468,2872
3469,2187
3470,3085
3471,1969
3472,2875
3472,1511
3473,3542
3473,309
3473,1969
3474,1328
3474,3802
3475,1767
3476,3639
3476,1710
3477,2222
3478,621
3478,2648
3478,1381
3479,670
3479,3437
3480,3834
3480,2119
3480,146
3481,3632
3481,1887
3481,1422
3482,2324
3482,1946
3483,975
3483,3155
3483,146
3484,1071
3484,2723
3484,4278
3485,2643
3485,1767
3485,4074
3486,3347
3486,3347
3486,1456
3487,633
3487,1823
3487,4279
3488,2638
3488,3603
3488,2243
3490,1436
3491,428
3491,4042
3491,427
3493,4095
3494,2401
3494,1063
3495,2561
3496,3943
3496,968
3496,3381
3497,1059
3498,2538
3498,3519
3498,3971
3499,1619
3500,4328
3500,1855
3501,3101
3503,1327
3503,1631
3503,2701
3505,3305
3506,2503
3506,2480
3507,1235
3507,1488
3509,1583
3509,2544
3509,694
3510,3990
3511,3662
3511,2707
3511,2626
3512,57
3512,828
3512,4163
3513,3700
3515,1629
3516,2263
3517,1736
3517,3639
3517,3932
3518,194
3520,150
3521,3826
3521,2017
3521,3447
3522,2579
3523,4287
3523,744
3523,2453
3524,3041
3524,4006
3525,3305
3526,2351
3526,1300
3527,1915
3527,539
3527,178
3528,607
3528,2333
3528,693
3529,1305
3529,3271
3530,3726
3531,671
3531,305
3531,1491
3532,539
3532,1840
3533,2495
3533,845
3534,3839
3534,1073
3535,1748
3535,4256
3535,1935
3536,72
3536,482
3536,1524
3537,3166
3537,3607
3537,4132
3538,3192
3538,1949
3538,4321
3539,2352
3539,198
3539,716
3540,1525
3540,817
3540,3065
3541,1624
3541,3978
3542,1582
3542,3736
3542,1887
3543,2061
3543,455
3545,1465
3545,1875
3545,1139
3546,3233
3546,1
3546,2051
3547,264
3549,1862
3549,262
3549,1774
3550,4039
3550,4351
3550,1624
3551,1101
3551,3679
3551,615
3552,326
3553,3420
3553,3734
3553,1226
3554,2256
3554,2649
3555,2688
3555,1716
3555,3012
3556,3895
3556,262
3556,1969
3557,1820
3557,35
3557,1855
3559,4302
3559,2006
3559,511
3560,28
3560,1767
3560,4192
3561,1176
3562,1624
3562,4039
3562,4173
3563,848
3563,2502
3564,3639
3565,2145
3565,4026
3565,420
3566,1816
3566,420
3566,1895
3567,641
3567,2310
3567,1065
3568,1552
3568,134
3569,3189
3569,2278
3569,645
3570,3047
3570,3645
3570,1552
3571,3354
3571,1798
3572,3192
3573,723
3573,539
3573,2837
3574,4309
3575,2389
3575,1841
3575,3437
3576,3496
3577,3534
3577,1073
3578,723
3578,1560
3580,3902
3580,163
3580,757
3581,2384
3581,2701
3581,1855
3582,2795
3584,2311
3584,2311
3585,2835
3585,1243
3586,753
3586,1340
3586,2822
3587,1227
3588,955
3588,269
3588,913
3589,807
3589,1855
3590,2322
3590,424
3591,3568
3591,4321
3591,366
3592,602
3592,3243
3593,3088
3594,2247
3594,4022
3594,679
3595,3749
3595,1220
3595,1073
3596,2432
3596,3423
3597,1359
3597,1938
3598,4212
3598,3032
3599,3192
3599,2411
3599,3638
3600,1053
3600,2323
3600,1918
3601,1173
3602,3354
3602,2063
3602,3159
3603,2259
3603,1660
3604,256
3605,1178
3605,2707
3605,3810
3606,1294
3606,1500
3607,2630
3607,3010
3609,3976
3610,2707
3610,3810
3611,3431
3611,3846
3612,539
3614,774
3614,4226
3615,883
3616,3120
3616,1629
3616,1351
3617,2192
3617,2394
3617,692
3618,4112
3619,4259
3619,969
3620,1803
3620,539
3621,2648
3621,2285
3622,3120
3622,1629
3622,865
3623,3412
3624,3881
3624,2450
3624,1285
3625,418
3625,3743
3626,1391
3626,692
3626,3192
3627,2645
3627,4215
3628,420
3628,912
3628,2638
3629,796
3629,1928
3630,1283
3630,854
3630,1189
3631,633
3631,706
3631,86
3632,1340
3632,3457
3632,2701
3633,3675
3635,2502
3636,3205
3637,895
3638,4324
3638,796
3638,2746
3639,2215
3639,3412
3639,98
3640,3120
3640,2054
3640,1774
3641,3412
3642,3999
3642,3512
3642,1609
3643,2373
3643,2863
3643,974
3644,2588
3645,320
3645,1820
3645,1820
3646,3120
3646,3370
3646,1862
3647,1493
3647,392
3647,4293
3649,389
3649,4092
3649,3045
3650,3312
3651,2807
3652,284
3652,895
3652,389
3653,1725
3654,37
3655,2592
3655,195
3655,2290
3656,2560
3657,1743
3657,4255
3657,2317
3658,3079
3659,2404
3659,1684
3659,4082
3660,3584
3661,80
3661,3199
3661,3355
3662,4004
3662,868
3663,1630
3663,3943
3663,1254
3664,1703
3664,2701
3664,1475
3666,1401
3667,1673
3667,3437
3668,658
3668,114
3668,2771
3669,4041
3669,1357
3670,4082
3670,955
3671,2614
3672,3246
3672,2390
3672,3242
3673,2317
3673,4219
3673,542
3674,3168
3674,2819
3675,2926
3675,3331
3675,2037
3676,1441
3676,2352
3676,452
3677,3563
3677,2312
3677,654
3678,1144
3678,616
3678,1855
3679,3250
3679,3882
3679,2701
3680,2277
3680,3431
3681,3740
3681,186
3681,3207
3682,3307
3682,357
3682,3598
3683,3693
3685,3192
3685,1830
3685,4278
3686,955
3686,3676
3686,1131
3687,2633
3687,3636
3687,3431
3689,1803
3689,539
3689,710
3690,2290
3690,3677
3691,473
3691,1077
3691,4041
3692,2348
3693,592
3693,2577
3693,1812
3694,1282
3694,1437
3694,107
3695,728
3695,1504
3695,3431
3696,2675
3696,2011
3697,3709
3697,4058
3697,1277
3698,2011
3698,1576
3698,1572
3699,4082
3699,2549
3699,3759
3700,539
3700,3314
3700,2219
3701,3062
3701,1860
3701,3954
3702,30
3702,495
3703,591
3704,434
3704,3767
3704,2643
3705,3576
3705,4017
3706,744
3706,534
3706,2317
3707,3434
3708,3826
3708,3474
3708,3926
3709,2801
3709,4041
3710,2447
3711,2592
3711,1858
3711,431
3712,1639
3712,1832
3712,3431
3713,1704
3713,3654
3713,3467
3715,2956
3715,744
3715,3228
3716,3980
3716,286
3716,3192
3717,546
3717,667
3717,2379
3718,3086
3718,235
3719,2562
3720,3501
3721,3120
3721,2751
3721,2046
3722,1336
3723,179
3723,3411
3723,2124
3724,1820
3724,35
3724,1359
3725,2328
3726,539
3727,3719
3729,3261
3729,3192
3730,2209
3730,4272
3731,1498
3731,3826
3732,3113
3732,1125
3733,2114
3733,1183
3733,2816
3734,4191
3734,2714
3734,869
3735,3120
3735,633
3735,3679
3736,2757
3737,1104
3737,3466
3738,3120
3738,301
3739,3086
3740,1725
3741,3738
3741,2290
3742,4038
3742,839
3742,4213
3743,955
3743,110
3743,3352
3744,1380
3744,4299
3745,112
3745,112
3745,3655
3746,3412
3747,25
3747,1073
3748,2795
3748,2118
3749,115
3749,1090
3749,2483
3750,636
3750,358
3750,409
3751,530
3751,170
3751,3797
3752,2410
3752,2060
3752,1823
3753,893
3754,821
3754,3860
3755,3704
3756,37
3757,1724
3757,2230
3757,832
3758,3147
3758,2113
3758,2715
3759,2570
3759,3428
3759,1855
3760,1577
3761,1073
3761,3014
3761,3379
3762,513
3763,2661
3763,3192
3764,1770
3765,1633
3765,1500
3766,1932
3766,1932
3766,2450
3767,532
3768,4247
3768,3437
3769,3339
3769,3826
3770,2701
3770,1149
3771,3102
3771,976
3771,2011
3772,3642
3772,3674
3772,365
3773,2835
3773,1551
3773,1551
3774,955
3774,3185
3774,3168
3775,1106
3776,2701
3776,2568
3776,3223
3777,1880
3777,1677
3777,1150
3778,3879
3779,3198
3780,2841
3781,2290
3782,3826
3782,3729
3782,3729
3783,3299
3784,3287
3784,4196
3784,3192
3785,3625
3786,134
3786,2100
3786,1243
3787,1832
3787,844
3787,2783
3788,163
3788,2118
3789,539
3791,3010
3791,2220
3792,1438
3792,101
3793,2512
3793,1088
3794,582
3794,4353
3794,4031
3795,2384
3795,296
3795,1772
3796,3594
3796,2808
3796,2530
3797,533
3797,4254
3797,2608
3798,2881
3798,3855
3798,2310
3799,484
3799,3033
3799,59
3800,1130
3800,723
3801,1085
3801,1631
3801,4041
3802,846
3803,1674
3804,1823
3804,2168
3804,3254
3805,377
3807,1682
3808,3468
3808,2842
3809,156
3809,2183
3809,3786
3810,1736
3810,3639
3810,2606
3811,1662
3811,1088
3811,4254
3812,2556
3813,3131
3813,4186
3814,1767
3814,3959
3815,3748
3816,2824
3816,2652
3816,2732
3817,1645
3818,3404
3818,1034
3819,1820
3819,35
3819,1855
3820,3796
3820,584
3820,3503
3821,291
3821,2980
3822,3120
3822,3418
3822,1132
3823,75
3823,817
3823,3445
3824,912
3824,485
3825,1924
3825,3988
3826,1624
3827,3995
3828,3925
3828,2049
3829,3110
3829,2022
3830,834
3830,834
3830,936
3831,1959
3832,4174
3832,3907
3833,1683
3833,1504
3833,2252
3834,1008
3834,3431
3835,902
3835,2404
3836,1760
3836,3826
3837,2811
3837,1500
3837,1863
3838,1021
3838,2214
3838,3431
3839,3192
3839,2551
3839,3261
3840,3133
3840,2134
3840,3166
3841,1034
3841,3826
3841,2049
3842,3871
3842,1500
3843,4052
3844,3761
3845,3978
3845,3607
3846,4166
3846,1088
3846,3513
3847,3639
3848,3767
3848,2404
3849,2891
3849,3662
3849,2707
3850,4041
3850,2967
3850,967
3851,3779
3851,633
3851,1347
3852,1533
3852,1535
3855,642
3855,1500
3856,4024
3857,2439
3858,2721
3858,2128
3858,1539
3859,3602
3859,2721
3859,1423
3861,3437
3861,279
3862,1619
3863,2476
3863,4289
3863,817
3864,2224
3864,31
3864,1774
3865,3777
3865,2536
3865,1351
3867,2495
3867,3313
3869,140
3869,3706
3869,1366
3870,3687
3870,1855
3870,2701
3871,3354
3871,2032
3872,3241
3873,832
3874,414
3874,3178
3874,3431
3875,2408
3875,2527
3877,2408
3877,2719
3878,875
3878,1296
3879,3336
3880,2408
3881,2780
3881,2371
3881,3192
3882,1633
3882,1500
3883,1054
3883,499
3884,1870
3885,3124
3886,2934
3886,1379
3886,832
3887,970
3887,1073
3887,4299
3888,2721
3888,2988
3888,4008
3889,373
3890,3375
3891,1624
3891,4039
3891,839
3892,621
3892,3802
3892,2300
3893,3468
3893,2984
3893,2006
3894,1767
3894,1830
3894,968
3895,1553
3896,1855
3896,2317
3896,1462
3897,2725
3897,10
3897,1774
3898,3120
3898,1946
3898,2028
3899,1767
3899,743
3899,146
3900,2606
3900,3341
3901,2676
3902,4169
3903,3254
3904,1008
3904,691
3904,4129
3905,1767
3905,2469
3906,3120
3906,2515
3906,3830
3907,453
3907,227
3907,2406
3908,1624
3909,3375
3910,3375
3910,759
3911,3945
3912,548
3913,2382
3913,2058
3914,4200
3914,2487
3915,3668
3915,1952
3916,4290
3917,1898
3918,136
3919,3897
3919,1575
3919,1924
3920,1629
3920,2423
3921,1767
3922,2431
3922,817
3922,364
3923,547
3923,2355
3923,2931
3924,577
3925,3575
3926,1820
3926,1855
3926,1722
3927,158
3928,742
3928,3024
3928,4117
3929,618
3929,3787
3929,2028
3931,3748
3931,2121
3931,1945
3932,1624
3933,2758
3933,4038
3933,439
3934,998
3934,264
3934,82
3935,4073
3935,3826
3935,1852
3936,4145
3936,2406
3936,1124
3937,869
3937,132
3937,584
3938,817
3938,2477
3938,2075
3939,1924
3939,2199
3939,3180
3940,2721
3940,611
3940,112
3941,4166
3941,120
3941,1721
3942,1422
3942,3508
3943,2028
3943,2721
3943,2936
3944,2072
3945,4169
3945,2358
3945,3120
3946,1478
3946,1478
3946,2707
3947,1746
3947,390
3947,2028
3948,464
3948,1044
3948,3207
3949,2287
3950,3422
3950,1767
3950,1517
3951,1624
3951,1992
3951,4039
3952,1580
3952,3736
3952,2486
3953,34
3954,2448
3954,1952
3954,1624
3955,3639
3955,2772
3956,766
3956,786
3956,4280
3957,2639
3957,1101
3957,4319
3958,2199
3958,1838
3958,4051
3959,1992
3959,2490
3959,1166
3960,1011
3960,2054
3960,785
3961,3603
3961,2638
3962,1921
3962,3291
3962,2391
3963,2409
3963,1736
3963,3716
3964,2302
3965,3375
3965,759
3965,1952
3966,3120
3966,2606
3966,3889
3967,3880
3967,2850
3968,2106
3968,2947
3968,1867
3969,4017
3969,955
3969,1043
3970,3120
3970,2121
3971,2415
3971,3736
3971,1119
3972,2861
3972,389
3972,3313
3973,2317
3973,2425
3973,1714
3974,711
3974,2980
3975,1820
3975,692
3978,4169
3978,3120
3978,3710
3979,1827
3980,3324
3981,2638
3981,485
3983,1780
3983,1780
3983,3530
3984,2862
3985,2046
3985,1862
3985,1585
3986,532
3986,308
3988,2317
3988,3045
3988,3997
3989,1272
3991,3633
3991,1855
3992,4140
3992,1544
3993,3419
3993,2317
3994,2528
3994,2526
3994,2317
3995,390
3995,1585
3995,1585
3996,666
3996,3178
3996,2616
3997,614
3997,256
3999,4363
4000,3639
4001,4234
4001,2568
4001,3192
4002,2458
4002,3437
4004,433
4004,129
4005,972
4005,1910
4006,2439
4008,2548
4008,3705
4008,3438
4009,3124
4009,1855
4010,2820
4011,2224
4011,31
4011,1774
4012,1082
4013,3192
4013,2534
4013,3234
4014,2384
4014,1786
4014,2701
4015,1691
4015,1321
4015,1660
4016,3052
4016,2009
4016,3826
4017,665
4017,3367
4017,3769
4018,1103
4018,342
4018,502
4019,1959
4019,3722
4020,146
4021,4070
4021,2616
4022,2283
4022,3208
4023,2694
4023,955
4023,193
4024,1959
4024,3431
4025,1632
4026,2686
4026,117
4026,3540
4027,2699
4027,2171
4027,77
4028,2648
4028,1624
4028,3603
4029,4096
4029,1040
4029,32
4031,1767
4032,1624
4032,4039
4032,4044
4033,2936
4033,171
4033,2761
4034,3486
4034,3826
4035,968
4035,1028
4036,3914
4036,2199
4036,1088
4037,3424
4037,112
4037,3826
4038,1548
4038,1525
4038,1859
4039,1767
4040,689
4040,3826
4041,2726
4041,3327
4041,2982
4042,744
4042,3024
4042,3283
4043,1898
4044,3341
4044,3207
4044,186
4045,3832
4046,2417
4046,4355
4046,1916
4047,2741
4048,817
4048,593
4048,826
4049,2648
4049,991
4050,1536
4050,3143
4050,1133
4051,1710
4051,3468
4051,3486
4052,1081
4052,1878
4053,1035
4053,1193
4053,2597
4054,208
4054,208
4055,380
4055,4125
4055,1890
4056,314
4056,3029
4056,2367
4057,1438
4057,378
4058,955
4058,2565
4059,3604
4059,4299
4059,418
4060,3674
4060,3362
4060,2924
4061,2143
4061,539
4062,539
4063,3910
4063,4252
4063,4261
4065,3192
4065,3909
4065,2541
4066,2196
4067,303
4068,2193
4068,3853
4068,2975
4069,1410
4070,1153
4071,167
4071,721
4071,3564
4072,1594
4072,1109
4072,138
4073,266
4073,2893
4074,3510
4074,2133
4074,1694
4075,3437
4075,4013
4076,1476
4076,1753
4076,468
4077,3850
4078,612
4078,1384
4078,96
4079,2609
4079,1084
4079,2533
4080,2404
4080,3406
4081,3726
4082,3054
4082,810
4082,905
4083,1286
4083,2575
4083,2317
4084,3431
4085,3431
4086,3048
4087,3742
4088,1855
4089,2820
4090,4299
4090,623
4091,4299
4091,1053
4092,941
4093,836
4094,3195
4094,1505
4094,681
4096,4236
4096,4225
4096,418
4097,2804
4097,3354
4097,21
4098,472
4098,3600
4098,3307
4099,749
4099,2601
4101,2707
4101,3871
4101,4108
4102,1469
4102,2237
4102,270
4103,1903
4103,817
4103,1928
4104,2766
4104,4171
4105,1969
4106,2502
4107,817
4107,2282
4107,4079
4108,1189
4108,388
4109,664
4110,1727
4110,396
4111,1214
4111,3975
4112,2232
4112,1855
4112,3988
4113,619
4113,2118
4114,1826
4115,3135
4115,623
4116,4041
4116,450
4117,1360
4118,3652
4118,3325
4118,3149
4119,263
4119,4095
4119,3085
4120,3247
4120,2218
4121,180
4121,1499
4122,1009
4123,817
4124,620
4126,3354
4127,4169
4127,3301
4127,3005
4128,4129
4128,3943
4129,1505
4129,2147
4129,681
4130,4336
4130,366
4130,2223
4131,819
4133,2682
4133,4310
4133,3068
4135,2496
4135,1382
4135,85
4136,3826
4137,2818
4138,1311
4139,2106
4139,3291
4139,2586
4140,1500
4141,943
4141,4218
4141,1855
4142,3745
4143,3682
4144,3400
4144,3838
4144,4223
4145,3305
4146,4308
4146,2750
4147,403
4148,2683
4148,2996
4148,621
4149,1426
4149,41
4150,242
4151,539
4152,763
4152,1518
4152,42
4153,3081
4153,246
4153,1411
4154,1960
4154,1371
4155,2416
4155,1855
4156,4347
4156,1500
4157,3609
4157,499
4157,2584
4158,3641
4158,674
4158,880
4159,3094
4159,1597
4159,2289
4160,1267
4160,1839
4160,3354
4161,539
4162,1045
4162,2119
4162,2307
4163,3966
4163,2317
4164,2345
4164,1855
4165,4111
4166,862
4167,1349
4167,414
4167,3431
4168,2024
4168,3307
4168,2318
4169,259
4169,2022
4170,2119
4170,3431
4171,1177
4171,418
4172,3978
4173,672
4173,2688
4173,3354
4174,3437
4175,2910
4175,2806
4175,1359
4176,539
4177,2836
4177,2616
4178,2074
4178,2997
4179,2582
4179,997
4179,485
4180,4260
4180,42
4181,2384
4181,2701
4181,2733
4182,692
4182,3431
4183,4006
4183,3192
4183,2806
4184,133
4184,1597
4185,975
4185,1550
4185,1190
4186,3192
4186,2551
4186,1830
4187,1363
4187,3741
4187,1064
4188,1876
4188,3166
4188,2134
4189,1365
4189,958
4189,3434
4190,2080
4191,3866
4191,3181
4191,4197
4192,3192
4192,2202
4192,1477
4193,539
4194,4297
4194,3466
4194,4041
4195,4082
4195,2735
4196,1623
4197,4082
4197,2290
4197,2739
4198,1896
4199,1105
4199,16
4199,242
4200,594
4200,2400
4201,4177
4201,3826
4201,1855
4202,3826
4202,2526
4203,1732
4204,3192
4204,3449
4204,2848
4205,539
4205,3042
4205,3551
4206,3577
4206,2062
4206,3671
4207,2404
4207,52
4207,4237
4208,1900
4208,3703
4208,3943
4209,3338
4209,3207
4210,2440
4210,3341
4211,1465
4211,938
4211,4280
4212,668
4213,3586
4213,345
4213,1955
4214,3720
4215,229
4215,1108
4215,4264
4216,3753
4216,2720
4216,1432
4217,3268
4217,2148
4217,4225
4219,2151
4220,544
4220,1012
4220,1736
4221,3120
4221,2006
4221,1823
4222,539
4223,2596
4224,4123
4225,4027
4226,2598
4226,2696
4226,2701
4227,1857
4227,2783
4227,2317
4228,2627
4228,2076
4230,3639
4231,3299
4231,2081
4232,631
4233,4020
4233,4253
4234,3005
4234,3341
4235,1485
4235,1576
4236,3811
4237,955
4237,893
4237,1298
4238,2362
4239,1403
4240,25
4240,2703
4240,632
4241,658
4242,4084
4242,1011
4243,4341
4243,1545
4243,4276
4244,3639
4245,1820
4246,3878
4246,3094
4248,3028
4250,846
4251,2529
4251,2396
4251,3988
4252,4290
4253,1824
4253,2022
4255,2820
4257,172
4257,247
4257,2052
4258,1737
4258,1933
4258,107
4259,4004
4259,3957
4260,3354
4260,3101
4261,181
4262,4208
4262,951
4263,2820
4263,3826
4264,3166
4264,2066
4265,1088
4265,1625
4266,1490
4266,42
4267,4151
4268,555
4269,1080
4269,4149
4270,2820
4271,1842
4272,2642
4272,315
4272,3010
4273,2891
4273,3437
4273,4345
4274,1088
4274,3437
4275,1792
4275,3431
4275,187
4276,2820
4277,4198
4277,3626
4278,2945
4278,2945
4278,4257
4279,3008
4279,2580
4279,87
4280,3594
4280,4011
4280,1213
4281,271
4281,4166
4281,1281
4282,1880
4282,554
4283,986
4283,2176
4284,724
4285,744
4285,503
4285,934
4286,723
4286,1450
4286,1212
4287,3801
4288,269
4288,29
4288,782
4289,180
4290,2290
4291,2871
4292,3192
4292,873
4292,2849
4293,1803
4293,539
4293,3173
4294,3250
4294,3321
4294,1245
4295,182
4295,3192
4296,1675
4296,1531
4296,1569
4297,3826
4297,1713
4297,3447
4298,1560
4298,2681
4299,1227
4300,1440
4300,3732
4301,269
4301,4065
4301,4041
4302,3642
4302,1803
4302,2645
4303,94
4303,1933
4303,118
4304,2796
4305,1700
4305,2857
4305,4364
4306,2082
4307,1464
4307,15
4307,1793
4308,2588
4308,2118
4309,1269
4310,4
4310,2564
4311,2964
4311,3401
4312,2969
4312,3437
4312,2152
4313,968
4313,2886
4313,4275
4314,4201
4314,1548
4315,4358
4315,1788
4315,2012
4316,3131
4317,3959
4317,2431
4317,3642
4318,1820
4318,1008
4320,912
4320,2638
4320,1859
4321,692
4321,2723
4321,1820
4322,1392
4323,3680
4324,1597
4324,1767
4324,146
4325,886
4325,97
4325,4146
4326,618
4327,2648
4328,2650
4328,2711
4328,3795
4329,1028
4329,24
4330,2504
4330,1808
4330,1161
4331,3347
4332,968
4332,4092
4333,1168
4333,3826
4334,1597
4335,3516
4335,2760
4336,3852
4336,146
4337,559
4337,2251
4338,291
4339,1803
4339,2147
4339,539
4340,953
4340,2317
4341,1537
4341,3035
4341,4028
4342,3192
4342,1759
4342,3287
4343,3946
4343,790
4343,366
4344,723
4344,723
4344,20
4345,293
4346,3707
4346,3549
4346,2783
4347,3120
4347,2960
4347,1862
4348,1586
4349,3646
4349,4247
4349,3531
4352,31
4352,574
4352,3301
4353,2502
4354,3120
4354,2006
4354,3889
4355,4292
4356,3170
4357,4038
4357,4301
4358,1771
4358,868
4358,1855
4359,1186
4360,2109
4360,1222
4360,1500
4361,1606
4361,2487
4361,1823
4362,4038
4363,955
4363,3714
4364,4069
4365,883
4365,1750
4365,3826
4366,4251
4366,1778
4366,463
4367,3976
4369,2028
4369,2721
4369,778
4372,2966
4372,1468
4373,2074
4373,217
4373,4215
4374,543
4375,4235
4376,3163
4376,999
4376,398
4377,3440
4377,3702
4377,410
4378,3326
4378,1863
4380,449
4380,3745
4381,1034
4382,1940
4383,1014
4384,35
4384,2980
4384,1820
4385,3009
4385,1710
4385,3826
4386,2429
4387,89
4388,4039
4388,968
4388,1201
4389,3639
4389,1823
4389,3502
4390,1606
4390,2606
4390,2487
4391,4211
4391,3207
4391,956
4392,2648
4394,1767
4394,4192
4395,3194
4396,1964
4396,2141
4396,1604
4397,31
4398,618
4399,1820
4400,2253
4400,73
4400,1964
4401,1923
4402,1577
4403,210
4404,1359
4404,1820
4405,3115
4405,122
4405,1378
4406,2966
4407,621
4407,3802
4407,3565
4408,3347
4409,1252
4409,2843
4409,1347
4410,1498
4410,2329
4410,408
4411,618
4412,3375
4412,759
4413,621
4413,3542
4413,707
4414,4039
4414,310
4415,187
4415,1237
4416,4260
4416,3212
4416,3988
4417,2742
4418,471
4418,10
4418,3661
4419,2437
4419,3207
4420,3603
4420,817
4421,1624
4421,2317
4421,3947
4422,3073
4423,1767
4425,2329
4425,408
4426,2590
4427,3375
4427,2537
4429,4129
4429,3114
4429,3454
4430,1519
4430,4254
4430,1867
4431,1574
4431,3341
4432,1820
4432,1359
4433,2410
4433,3407
4433,574
4434,2139
4435,633
4435,1512
4435,3341
4436,1820
4437,268
4438,3400
4439,1823
4439,1862
4439,2821
4440,935
4442,3309
4443,515
4445,3072
4445,1465
4445,995
4446,3903
4446,2121
4447,2558
4447,2760
4447,4277
4448,10
4448,3023
4448,1736
4449,1334
4451,2437
4451,3917
4452,634
4452,1924
4453,618
4454,3694
4454,207
4454,3024
4455,621
4456,2121
4457,1365
4458,1767
4458,146
4459,2499
4460,2046
4460,2410
4461,759
4462,759
4463,3698
4464,2929
4464,579
4464,360
4466,3370
4466,3400
4466,2639
4467,2943
4467,1710
4467,3891
4468,3120
4468,4039
4468,4039
4469,817
4469,3978
4471,4039
4471,1820
4472,1853
4472,3122
4472,3542
4474,216
4474,1500
4475,390
4475,3095
4475,2054
4476,2502
4477,1514
4480,3635
4480,1644
4480,3826
4481,859
4481,3015
4482,323
4483,3203
4483,4041
4484,588
4485,129
4486,3347
4487,2419
4487,4343
4488,402
4488,1767
4489,3058
4489,263
4489,3085
4491,45
4491,2658
4491,2772
4492,2376
4493,1764
4493,2305
4493,3826
4494,618
4496,3579
4496,2606
4496,574
4497,548
4498,1235
4498,3732
4499,263
4499,630
4500,3120
4500,2606
4500,3889
4501,1897
4502,1107
4502,3666
4503,4225
4503,2525
4503,3431
4505,421
4506,1873
4507,3085
4507,1427
4508,911
4509,2458
4509,3066
4509,4119
4510,2008
4511,955
4511,3185
4512,3419
4512,3943
4513,2555
4514,947
4514,2317
4514,430
4515,2873
4515,539
4516,3192
4516,1032
4516,2172
4517,3287
4517,4154
4517,2701
4518,1920
4519,4304
4520,3489
4520,2670
4521,1820
4521,1008
4522,1465
4522,4166
4522,3835
4523,1624
4524,621
4524,3212
4524,3542
4525,912
4525,485
4526,356
4527,595
4528,3041
4528,4006
4528,3733
4531,250
4532,2873
4532,2911
4532,691
4533,3375
4533,759
4534,2984
4534,2751
4534,2606
4535,817
4536,3434
4536,2844
4536,1570
4537,1820
4537,3790
4537,2760
4538,3491
4538,3903
4538,2121
4539,1624
4540,2424
4540,2842
4540,1504
4541,2701
4541,1140
4541,2435
4542,2843
4542,1347
4542,31
4543,3389
4543,849
4543,2638
4544,4056
4544,549
4544,251
4545,846
4546,1820
4547,3120
4547,870
4547,843
4548,2711
4548,770
4548,1773
4549,3341
4550,1349
4550,4328
4550,1359
4551,565
4551,374
4551,2404
4552,1551
4552,3431
4554,1481
4554,1520
4555,1560
4555,539
4555,2142
4556,1557
4556,3577
4556,3176
4557,2989
4558,589
4559,1909
4559,3281
4559,3043
4560,883
4560,2671
4561,403
4562,3017
4562,1717
4562,2280
4563,2749
4563,3431
4563,1236
4564,3642
4564,3548
4565,1384
4565,183
4565,3814
4566,3299
4566,528
4566,2497
4567,1583
4567,1189
4567,3767
4568,3434
4568,470
4568,539
4569,3568
4569,1552
4570,3576
4570,380
4570,3354
4571,456
4571,3374
4571,3577
4572,2108
4572,1043
4572,2563
4573,3429
4573,1552
4573,2563
4574,124
4574,1424
4575,2462
4576,403
4576,287
4577,2011
4578,4350
4579,303
4579,2456
4580,2820
4581,564
4581,238
4581,2792
4582,4162
4582,2805
4583,3698
4583,671
4583,3082
4584,133
4584,3992
4585,3798
4585,539
4585,3173
4586,723
4587,334
4587,1669
4587,3356
4588,3460
4589,214
4589,315
4590,3171
4591,1760
4591,3385
4592,2196
4592,2867
4592,539
4593,1732
4593,380
4593,1749
4594,305
4594,3732
4594,3826
4595,106
4595,3751
4595,2999
4596,2912
4596,1732
4596,1001
4598,1088
4598,2268
4599,3767
4599,331
4599,847
4600,2135
4600,723
4600,1962
4601,2829
4601,4344
4601,1262
4602,3142
4602,1718
4602,2791
4603,133
4603,133
4604,3873
4605,2820
4606,3751
4606,1389
4606,2431
4607,2707
4608,2891
4608,2707
4609,3303
4609,230
4610,2342
4610,4254
4610,19
4611,1471
4612,1899
4612,485
4612,3343
4613,3890
4613,1500
4614,2811
4615,3855
4615,3961
4615,3597
4616,2513
4616,2226
4616,270
4617,860
4617,1396
4618,321
4618,772
4618,1206
4620,539
4621,2778
4622,2701
4622,4085
4622,2188
4623,1192
4624,1002
4624,1002
4625,2902
4625,42
4626,1856
4626,4225
4627,3210
4627,1048
4628,2776
4629,923
4629,894
4630,1967
4631,3672
4631,1942
4631,4299
4632,491
4632,2317
4633,1336
4634,3338
4634,3207
4635,269
4635,4207
4636,1397
4637,3738
4637,3190
4638,1946
4639,4183
4640,1767
4641,1073
4641,1321
4642,4018
4642,85
4643,3249
4644,2677
4645,3544
4646,3060
4647,515
4648,1615
4649,480
4649,485
4649,2286
4650,3506
4650,550
4651,1187
4651,4323
4651,1260
4652,136
4653,1070
4653,315
4654,2398
4655,2087
4656,3431
4657,3476
4658,3768
4658,2638
4658,1179
4659,1051
4660,2769
4660,2301
4660,3150
4661,3770
4662,4038
4662,2437
4664,2105
4665,1390
4666,529
4666,3444
4666,2375
4667,893
4667,2979
4667,467
4669,320
4669,1078
4669,1624
4670,587
4671,3517
4671,1855
4672,3718
4673,2177
4673,1114
4675,3803
4676,1839
4676,798
4677,1827
4677,1741
4678,539
4678,683
4679,2416
4679,1855
4680,1088
4680,1666
4681,4082
4681,2549
4681,3759
4682,3155
4682,242
4683,3750
4683,2550
4683,3855
4684,2533
4684,1646
4684,2073
4685,3371
4685,539
4685,3434
4686,3717
4686,3870
4687,429
4688,2913
4689,1288
4690,3055
4691,3699
4691,1611
4691,3179
4692,242
4692,3578
4693,4076
4693,979
4695,2877
4695,1843
4695,2317
4696,684
4696,3911
4696,661
4697,4004
4697,654
4698,3652
4698,884
4698,3255
4699,242
4699,137
4699,16
4700,1600
4700,2539
4701,2011
4703,1762
4703,3761
4704,3900
4704,1073
4705,2773
4705,2317
4705,4049
4706,2945
4707,4321
4707,3149
4707,488
4708,1018
4708,2011
4709,728
4709,4328
4709,1855
4710,216
4710,1500
4711,3233
4711,1894
4711,2890
4712,662
4712,2521
4712,1631
4713,1422
4713,3508
4714,1874
4714,3192
4715,3499
4715,1579
4716,3662
4716,2707
4717,4115
4717,1815
4717,692
4718,240
4718,4041
4718,2345
4719,1726
4719,4269
4719,2664
4720,324
4721,49
4722,2858
4722,1952
4722,3849
4723,418
4723,2616
4724,3943
4724,487
4725,202
4725,3195
4726,2040
4727,3962
4727,2575
4727,3437
4728,3804
4728,1896
4729,3434
4729,2286
4729,3648
4730,4197
4731,3747
4731,1855
4732,3212
4732,3354
4733,3836
4733,4150
4734,2512
4735,261
4735,4267
4736,3146
4737,3094
4737,88
4737,1733
4738,1120
4738,3471
4738,4202
4739,1865
4739,429
4740,2132
4741,2447
4742,1579
4742,2982
4742,1660
4743,539
4744,4072
4744,1088
4744,4006
4745,1207
4746,2377
4746,3844
4746,3492
4747,3821
4747,2251
4747,322
4748,4333
4748,1911
4749,3562
4750,671
4750,1129
4750,165
4751,1465
4751,2048
4751,3237
4752,3352
4752,2011
4755,2629
4756,625
4756,3398
4756,2077
4757,381
4758,1355
4760,280
4760,1397
4760,3654
4761,1323
4763,4195
4764,814
4765,2903
4765,1433
4765,3155
4766,3953
4767,1547
4768,2659
4769,225
4769,1454
4769,3477
4770,2354
4770,3657
4770,3730
4771,4169
4772,2941
4773,2914
4773,478
4775,3230
4775,1624
4775,3988
4776,2684
4776,3916
4777,1011
4777,2502
4779,1597
4779,1312
4779,4299
4780,1725
4780,1913
4781,1127
4781,1400
4781,3733
4782,3120
4782,2674
4782,2006
4783,3402
4784,1715
4784,3642
4784,968
4785,2858
4785,1855
4786,681
4786,839
4787,2093
4788,3623
4788,1875
4788,767
4791,1358
4791,4291
4792,2733
4792,1090
4793,3810
4793,1998
4794,3354
4794,3101
4795,539
4795,224
4795,3416
4796,2513
4796,2131
4796,270
4797,120
4797,3793
4797,1389
4798,2653
4798,4292
4799,413
4799,1820
4799,1912
4800,2011
4801,2707
4801,270
4802,2146
4802,4057
4802,740
4803,2659
4804,1591
4805,1803
4805,3878
4805,539
4806,329
4807,1262
4807,220
4807,2404
4808,960
4808,515
4809,1884
4809,2211
4809,3846
4810,3943
4810,3970
4811,1441
4811,3431
4812,3431
4813,1864
4813,2196
4814,3112
4815,1110
4815,1240
4816,1764
4816,539
4817,3299
4817,539
4817,2330
4818,2095
4819,614
4819,2647
4819,256
4820,3896
4821,3354
4821,2372
4822,3943
4822,691
4822,603
4823,2384
4823,1855
4825,2317
4825,523
4826,532
4827,216
4827,2513
4828,3487
4829,2399
4829,1320
4829,1837
4830,2270
4830,2118
4831,2812
4832,2835
4832,764
4833,2574
4833,2893
4834,287
4835,797
4835,1812
4835,287
4836,1521
4836,955
4836,2685
4837,841
4837,1110
4837,1965
4838,303
4839,48
4839,3437
4839,1453
4840,539
4841,868
4841,2893
4841,42
4842,3167
4842,4150
4842,3836
4843,1227
4843,1717
4843,1303
4844,1636
4844,3742
4845,987
4845,2585
4845,3537
4846,3458
4846,3250
4846,3546
4847,1982
4849,2931
4849,554
4849,3437
4850,2588
4850,1168
4851,717
4851,3467
4851,3192
4852,3410
4852,1497
4852,3645
4853,2404
4853,1073
4853,3437
4854,2959
4854,3189
4854,2750
4855,2419
4856,3752
4856,1406
4856,366
4857,171
4858,2054
4858,3341
4859,1465
4859,4
4859,294
4860,326
4861,291
4861,2980
4862,373
4862,2004
4863,3603
4863,4277
4864,3246
4864,1767
4864,419
4865,656
4865,3795
4865,3345
4866,1258
4866,4092
4866,1868
4867,2448
4867,3532
4867,4039
4868,2273
4868,1479
4868,1111
4869,1
4869,955
4869,237
4870,1465
4870,2799
4871,1710
4871,754
4871,2504
4872,2638
4872,1068
4873,3375
4873,2973
4874,1820
4874,349
4875,4354
4875,4039
4875,169
4876,783
4876,4184
4876,1034
4877,535
4877,1954
4877,3342
4879,1898
4880,3452
4880,3323
4880,1967
4881,2638
4882,4090
4882,1767
4882,1434
4883,1370
4883,3435
4883,3238
4884,2556
4884,2687
4884,4126
4885,31
4885,3301
4885,3286
4886,4249
4887,166
4888,867
4888,2781
4889,1441
4889,3431
4890,3718
4891,2794
4892,1476
4892,2868
4892,2334
4893,539
4894,2317
4895,335
4895,1859
4896,3606
4896,2033
4897,1263
4897,2371
4897,3192
4898,524
4898,2024
4898,2505
4899,50
4900,4133
4900,3265
4900,418
4901,1854
4901,1634
4901,3557
4902,975
4902,719
4904,3120
4904,4084
4904,2606
4905,1799
4906,2640
4906,3537
4906,2446
4907,4261
4908,1018
4908,2562
4909,13
4910,4344
4910,3997
4910,2317
4911,263
4911,720
4912,3134
4913,1650
4913,1178
4913,263
4914,3407
4916,3120
4916,1819
4916,3740
4917,2302
4917,3120
4917,2054
4918,3639
4918,1969
4918,8
4919,1735
4920,1807
4920,3322
4920,1522
4921,4306
4921,981
4922,140
4922,2940
4922,1063
4923,305
4923,499
4924,1390
4925,3253
4925,263
4925,4311
4926,150
4926,1500
4927,3375
4928,2046
4928,2338
4928,10
4930,221
4931,1926
4933,1063
4934,4157
4934,1769
4935,3930
4935,2857
4936,2360
4937,539
4938,2615
4938,2094
4938,1025
4939,1011
4939,1969
4940,3675
4940,2026
4942,3976
4943,3642
4943,3537
4943,3083
4944,2462
4945,66
4945,1820
4946,3254
4947,120
4947,3304
4948,3207
4949,3375
4949,1924
4950,3621
4950,512
4951,3375
4951,1924
4952,3754
4953,801
4953,3963
4953,3341
4954,28
4954,2720
4954,2340
4955,3347
4955,1945
4956,3977
4956,2984
4956,2121
4957,426
4958,621
4958,3542
4958,707
4959,1862
4959,3679
4959,2054
4961,1855
4962,90
4963,1969
4963,1011
4963,1978
4964,4138
4965,186
4965,1284
4965,1044
4966,4179
4966,2209
4966,1859
4967,3988
4968,4188
4969,1635
4969,3063
4969,3078
4970,1692
4970,4277
4971,2721
4971,1014
4971,1736
4972,3978
4972,2572
4972,4359
4973,621
4973,3254
4973,1171
4974,2843
4974,1347
4974,2502
4975,794
4975,171
4975,3023
4976,356
4977,633
4977,264
4977,2502
4978,1767
4978,146
4979,4166
4979,817
4981,2561
4982,616
4982,1841
4982,2572
4983,621
4983,2045
4983,51
4984,3375
4984,759
4987,1624
4987,1924
4988,2721
4988,2409
4988,1736
4989,120
4989,3364
4989,2303
4990,471
4990,3322
4990,2923
4993,4263
4994,718
4994,3399
4994,3601
4995,145
4995,1592
4996,3358
4996,1736
4997,186
4997,3338
4997,3207
4998,3347
5000,621
5000,3263
5000,2308
5001,232
5001,680
5001,1233
5002,1386
5003,3869
5003,1006
5003,2508
5005,2183
5005,1202
5005,2003
5006,2648
5007,2006
5007,3254
5007,2018
5008,2950
5008,3826
5008,2669
5009,120
5009,422
5009,3304
5010,350
5010,2646
5010,3822
5011,3341
5011,3508
5011,3295
5012,1624
5012,4039
5013,2625
5013,2552
5013,1829
5014,2606
5014,4228
5014,817
5015,1767
5015,3603
5015,2875
5016,4358
5016,1710
5016,2638
5017,1362
5017,2046
5017,574
5018,4039
5018,2591
5018,4099
5019,1968
5019,690
5019,521
5020,2324
5020,3459
5021,5
5021,2047
5021,995
5022,621
5023,4289
5023,4079
5024,1016
5025,3207
5027,3400
5028,3044
5028,3359
5028,2688
5029,4039
5029,4165
5030,1143
5030,3898
5031,311
5032,673
5032,3094
5033,738
5033,4029
5033,3364
5036,4240
5037,2387
5038,2462
5039,1827
5039,1741
5040,3773
5040,2672
5040,838
5041,539
5042,3571
5044,2871
5046,2028
5046,622
5046,1736
5047,832
5049,3731
5049,1265
5049,2154
5050,1929
5051,3426
5051,2936
5051,386
5052,2850
5053,1654
5053,2895
5054,586
5055,2205
5056,2481
5057,1390
5059,1619
5060,3060
5061,3200
5062,3662
5062,2707
5063,2439
5064,375
5064,2421
5068,3395
5069,3375
5069,475
5070,618
5071,1018
5071,366
5072,4209
5072,1500
5072,4337
5076,1447
5076,2874
5077,3178
5078,2707
5078,4108
5079,1050
5080,1803
5081,890
5083,2617
5083,2225
5083,627
5084,2833
5084,1359
5084,1761
5085,4166
5085,737
5085,2024
5086,1088
5086,976
5086,362
5087,2186
5087,1817
5088,2006
5088,2121
5089,3652
5089,1887
5089,3325
5090,1830
5090,2340
5090,3978
5091,771
5092,1767
5093,2298
5094,3620
5094,420
5094,584
5095,955
5095,2730
5095,1924
5096,1875
5096,1139
5096,4079
5097,3035
5097,2921
5097,3988
5098,291
5098,1607
5098,4041
5099,1820
5100,1767
5100,3938
5101,2286
5102,1622
5103,3120
5103,1862
5103,633
5104,499
5104,746
5104,1292
5105,3577
5105,2024
5105,2045
5106,3286
5106,1862
5106,2410
5107,3736
5107,3113
5107,2292
5108,4169
5108,3120
5108,3587
5109,1767
5110,61
5110,2054
5110,1685
5111,1820
5112,1767
5112,100
5112,2442
5113,3375
5113,759
5113,4098
5114,815
5115,806
5116,2745
5116,4148
5116,4242
5117,3239
5117,4336
5117,4041
5118,890
5119,233
5119,1444
5119,2221
5120,539
5120,283
5120,178
5121,3036
5121,2795
5121,539
5122,2581
5122,3705
5122,564
5123,1797
5124,2691
5125,3431
5126,4343
5126,3590
5127,1175
5127,1041
5128,2074
5129,967
5129,3125
5129,2317
5130,2867
5130,1464
5130,2567
5132,1959
5133,2691
5134,3509
5135,1032
5135,2172
5135,3094
5136,2768
5136,955
5136,723
5137,2881
5137,3855
5137,2310
5138,723
5138,147
5138,2533
5139,4037
5139,1909
5139,1240
5140,2097
5140,3826
5141,269
5142,2834
5142,3218
5143,4348
5143,493
5143,721
5144,288
5144,2562
5145,4204
5145,3257
5145,2098
5146,269
5146,733
5147,2513
5148,2722
5148,1010
5148,3164
5149,416
5149,1337
5150,3967
5150,3611
5150,4360
5151,1461
5151,305
5152,2608
5152,2245
5152,3450
5153,1130
5154,2107
5154,3442
5154,1287
5155,124
5155,494
5155,3588
5157,2957
5158,298
5158,4265
5158,2568
5159,3142
5159,1670
5160,1496
5160,1029
5160,3431
5161,260
5161,3826
5162,3556
5163,427
5164,2291
5166,2707
5166,2811
5166,3634
5167,720
5168,1153
5169,2031
5169,503
5169,1246
5170,911
5171,256
5172,2719
5173,973
5173,2962
5173,2925
5175,4270
5176,2900
5176,2201
5177,2642
5177,3010
5178,123
5179,2820
5180,2397
5180,1500
5181,2439
5182,3070
5183,2204
5184,4216
5184,1507
5185,2990
5185,4082
5185,1349
5186,2937
5187,2317
5187,2000
5187,1330
5188,4161
5188,2849
5189,150
5189,1500
5191,1833
5192,711
5192,1179
5194,3735
5195,3204
5195,1998
5195,2513
5196,2784
5197,2136
5197,2055
5198,3305
5199,1608
5199,435
5200,1033
5200,2206
5201,3390
5201,2774
5203,2502
5204,1955
5205,1571
5205,4146
5206,2317
5206,491
5207,2440
5207,2532
5207,3941
5208,892
5209,1238
5209,2601
5211,1725
5212,2482
5212,2949
5213,68
5213,4164
5214,3340
5215,116
5215,3988
5216,2051
5217,2426
5217,996
5217,1734
5219,317
5219,317
5220,3503
5221,1500
5222,1177
5223,3106
5224,539
5225,697
5226,479
5226,2933
5227,2596
5228,539
5229,3388
5230,3905
5230,3091
5231,3700
5232,2419
5236,311
5237,1508
5237,745
5238,388
5239,1732
5240,279
5240,3826
5241,2419
5242,1848
5242,2100
5242,652
5243,352
5243,1006
5244,3841
5244,2353
5244,3155
5245,1885
5245,4295
5245,1552
5246,3818
5246,1332
5246,198
5247,1859
5247,4179
5248,3041
5248,816
5249,777
5249,1855
5250,883
5250,1022
5250,1858
5251,3026
5252,1899
5252,2447
5253,1006
5253,3633
5253,1090
5254,380
5254,1890
5255,543
5255,700
5255,1855
5256,1859
5257,2100
5257,2592
5259,2296
5260,337
5260,1855
5261,2467
5262,1098
5263,569
5263,1667
5263,3637
5264,4082
5264,3431
5264,2126
5265,4001
5265,2701
5265,898
5266,994
5267,1452
5267,2883
5267,2563
5268,2037
5268,18
5269,4043
5270,4328
5270,2833
5270,733
5271,713
5271,692
5271,2701
5272,269
5272,736
5272,2508
5273,2676
5273,4166
5273,3725
5274,1805
5274,3354
5275,3307
5275,357
5275,1176
5276,468
5276,2637
5276,21
5277,539
5278,3481
5278,1422
5278,3508
5279,851
5279,2096
5279,3034
5281,2213
5281,852
5281,441
5282,62
5282,1825
5282,1044
5283,4021
5284,4087
5285,1046
5285,2277
5285,3431
5286,1596
5286,839
5286,1315
5287,1920
5288,1275
5288,2332
5288,2701
5289,2065
5289,2616
5291,2317
5292,539
5293,2654
5293,4153
5293,4311
5294,4102
5294,2738
5294,2313
5295,2859
5295,1221
5295,4086
5296,955
5296,1452
5297,1527
5297,1726
5297,4269
5298,1803
5298,2317
5298,3192
5299,2022
5300,242
5300,3746
5301,1505
5302,3354
5302,969
5303,955
5303,1562
5303,4144
5304,1919
5304,539
5304,400
5305,1707
5305,1259
5305,2472
5306,2257
5306,3003
5307,2795
5308,723
5309,3443
5309,735
5310,3694
5310,3885
5310,3431
5311,3192
5312,1855
5312,4218
5312,4003
5314,1919
5315,2358
5315,1423
5316,539
5317,3514
5317,3558
5317,557
5318,871
5319,184
5319,2500
5319,148
5320,2655
5320,2457
5320,3947
5322,2325
5324,2420
5325,550
5326,2460
5326,1653
5326,2934
5327,2106
5327,3291
5327,1042
5328,808
5329,2160
5330,3329
5331,1448
5332,2159
5333,2184
5333,3404
5334,3337
5334,1255
5335,1924
5336,3506
5336,3685
5337,3730
5337,2944
5337,3289
5338,2630
5338,4215
5338,4215
5339,587
5341,1192
5342,3173
5343,2619
5344,2455
5345,4038
5345,1943
5346,2703
5346,3943
5346,1234
5347,2337
5347,2101
5347,2045
5349,3384
5349,3466
5349,1291
5350,2419
5352,1936
5352,2286
5353,2338
5353,1802
5353,4238
5354,1247
5354,2709
5354,2651
5355,3431
5356,10
5356,618
5356,2207
5357,723
5357,3861
5357,539
5358,3341
5358,3207
5359,2942
5360,1428
5362,119
5362,3165
5363,3059
5363,3254
5364,3437
5364,1482
5365,1121
5365,64
5366,3666
5366,1577
5369,2719
5369,2408
5369,3211
5370,3027
5370,2701
5371,3572
5371,550
5372,3
5373,263
5373,2763
5374,539
5374,1777
5375,3783
5376,3240
5377,3240
5378,70
5380,1619
5381,2798
5382,1063
5383,2705
5384,1717
5384,1873
5384,2280
5385,3854
5385,2513
5386,4285
5386,1963
5386,3425
5387,2753
5387,2753
5388,1003
5390,1483
5391,723
5391,3520
5393,2971
5393,1240
5393,4222
5394,3193
5394,536
5394,3705
5395,613
5395,3480
5395,3951
5396,2946
5396,3314
5397,4261
5397,2330
5398,1090
5399,2634
5399,2830
5400,1076
5400,3258
5401,929
5402,53
5402,2893
5403,539
5403,504
5404,978
5404,3872
5405,1242
5406,2884
5406,351
5406,3192
5407,2383
5407,1151
5407,3826
5408,523
5408,1855
5409,1441
5409,3431
5410,163
5410,499
5410,2118
5411,1881
5411,101
5411,1881
5412,4141
5413,2118
5413,4261
5413,908
5414,2891
5414,2707
5415,3012
5415,33
5416,1472
5417,3056
5417,2697
5418,1860
5418,2011
5419,3625
5420,4041
5421,1777
5421,1339
5422,2317
5422,975
5422,2336
5423,2378
5423,3505
5423,3192
5424,3568
5424,203
5424,366
5425,1763
5426,4159
5427,1364
5427,1073
5427,1668
5428,34
5429,2556
5429,28
5429,1811
5430,3936
5431,3120
5431,301
5432,2150
5432,1952
5433,3770
5434,714
5434,1429
5434,1443
5435,3591
5436,2638
5436,2071
5437,3375
5437,759
5438,1624
5438,4039
5438,2198
5439,2721
5439,2338
5439,1486
5440,2415
5440,4299
5440,448
5441,4312
5441,2638
5442,3196
5442,634
5442,1924
5443,2666
5444,1767
5444,2720
5445,2701
5446,91
5446,3589
5446,3956
5447,28
5447,1767
5448,2807
5449,1967
5450,4344
5450,1892
5450,3469
5451,2648
5451,2083
5452,1756
5452,738
5453,4107
5453,1710
5454,272
5454,3915
5454,622
5455,4039
5455,126
5455,3988
5456,4
5456,294
5456,1026
5457,1624
5457,4039
5457,1855
5458,1367
5458,78
5458,2519
5459,2035
5460,2570
5460,1820
5461,3287
5461,1001
5461,3192
5462,3272
5463,1368
5464,6
5464,2019
5464,400
5465,166
5466,1768
5466,1855
5467,1418
5468,2516
5468,3309
5469,3943
5470,2293
5470,368
5472,2361
5472,3231
5473,3652
5473,1045
5473,357
5474,2293
5474,2608
5474,3271
5475,4334
5475,2032
5476,861
5477,1263
5477,3212
5478,539
5479,3523
5480,691
5480,4178
5480,3182
5482,3934
5483,1559
5484,882
5484,2493
5484,61
5485,384
5486,675
5486,751
5487,618
5488,3658
5488,2918
5488,1642
5490,4169
5490,3120
5490,301
5491,2130
5491,1932
5492,2408
5492,2719
5492,128
5497,3336
5498,2616
5500,216
5500,1222
5500,1319
5501,3635
5502,4289
5502,4079
5504,2727
5504,3222
5504,3927
5505,3787
5506,1478
5507,2040
5509,2439
5510,1563
5510,3628
5511,2112
5512,2487
5512,1849
5513,3639
5513,2639
5514,1867
5514,3955
5514,3876
5515,505
5515,2707
5516,2461
5516,942
5516,2606
5517,2191
5517,955
5518,2576
5518,945
5518,2319
5519,2648
5520,3300
5520,3187
5521,3061
5521,522
5521,2517
5522,385
5522,385
5523,2695
5523,1329
5523,3639
5524,2638
5524,2145
5524,1163
5525,1325
5527,1924
5528,3639
5529,1378
5529,3115
5530,2127
5530,3779
5530,4038
5531,832
5532,2495
5532,1554
5533,1582
5533,3347
5533,1887
5534,2701
5536,335
5536,2638
5536,1859
5537,2648
5537,1624
5537,3603
5538,464
5538,1044
5538,3207
5539,846
5539,2887
5540,1920
5541,1722
5542,3407
5543,633
5543,2054
5543,3151
5544,4263
5544,4080
5545,2638
5546,621
5546,3943
5546,1044
5547,2590
5547,3077
5547,937
5548,132
5548,584
5549,2106
5549,3291
5549,3365
5550,2051
5550,1641
5551,2960
5551,1862
5551,633
5552,1432
5552,3753
5552,2920
5553,1024
5554,618
5555,4358
5555,2638
5556,1038
5556,1710
5556,2638
5557,1728
5558,492
5558,80
5558,4033
5559,186
5559,3338
5559,3207
5560,3732
5560,426
5561,4319
5562,1581
5563,2010
5563,2984
5563,1351
5564,4166
5564,1721
5564,2904
5565,3639
5566,1603
5566,2947
5566,372
5567,618
5568,3254
5569,1106
5570,766
5570,824
5570,2518
5571,2545
5572,408
5573,4170
5574,382
5575,3245
5575,1354
5576,832
5577,4239
5578,2500
5579,2054
5579,3347
5579,2281
5581,2984
5581,2106
5581,2635
5582,1533
5583,3347
5583,1834
5583,2154
5584,2357
5584,2936
5584,3005
5585,2369
5585,3724
5586,3207
5587,3679
5588,3843
5588,2021
5588,2572
5589,1820
5591,4228
5591,1139
5591,4008
5592,817
5592,1976
5592,1161
5594,2106
5594,3291
5594,1042
5596,2070
5596,1855
5597,1069
5597,483
5598,1806
5598,1651
5598,154
5599,1498
5599,1152
5599,2991
5600,3347
5601,258
5602,4129
5602,2358
5602,1862
5603,186
5603,3207
5604,2789
5604,3427
5604,2622
5605,2984
5605,1351
5605,3639
5606,4090
5606,4
5606,2199
5608,3336
5609,1500
5610,2857
5611,1096
5611,3334
5612,1629
5612,1347
5612,2604
5613,2401
5614,2748
5616,2028
5616,3120
5616,2167
5617,188
5618,3016
5619,2315
5620,194
5621,3640
5622,3807
5622,1654
5623,2502
5624,3989
5624,691
5624,1729
5625,2106
5625,2635
5625,1867
5627,1899
5628,2885
5629,927
5630,4041
5630,1357
5631,2287
5632,2317
5632,174
5634,1836
5634,3964
5635,2624
5635,4281
5636,1730
5637,518
5638,1947
5641,1693
5642,311
5643,911
5645,1153
5646,1577
5646,1500
5647,4140
5648,3400
5649,2635
5649,599
5650,2249
5650,473
5650,4041
5652,4208
5652,146
5653,291
5654,26
5654,1577
5654,270
5655,1726
5655,4269
5655,2664
5656,3146
5656,1223
5657,1054
5658,4151
5659,2621
5659,1855
5659,2701
5660,3067
5660,2894
5660,236
5661,4246
5661,198
5664,1624
5664,4039
5664,2553
5665,426
5666,4318
5667,912
5667,485
5668,3740
5668,2507
5668,1533
5669,1767
5669,4192
5670,2638
5670,849
5671,3035
5671,4258
5671,3988
5672,1985
5672,1568
5672,2638
5673,3595
5673,3167
5673,120
5674,1767
5675,2648
5675,1829
5676,3914
5676,4090
5676,408
5677,3024
5677,1631
5678,2648
5678,396
5679,4342
5679,2723
5679,475
5680,1624
5681,1643
5681,1492
5681,222
5682,4124
5683,3227
5684,4082
5685,2011
5686,3191
5687,955
5688,2641
5689,1708
5689,3860
5692,1855
5693,2458
5693,1869
5693,1970
5694,2860
5694,3182
5694,1090
5695,3350
5695,3780
5695,2864
5696,3616
5697,3662
5697,1633
5697,2707
5698,403
5698,1224
5699,981
5700,1832
5700,532
5701,2419
5702,3158
5702,4106
5703,3965
5703,657
5703,572
5704,1845
5704,2696
5704,1812
5706,1198
5706,1959
5706,2407
5707,532
5708,3496
5709,2190
5710,2570
5710,3428
5710,3472
5711,1158
5711,1090
5712,315
5713,2384
5713,4066
5713,1855
5714,1090
5714,2563
5714,3315
5715,3619
5715,2665
5716,397
5716,457
5717,1394
5717,317
5717,2601
5718,2588
5719,3568
5719,1855
5720,2318
5721,1106
5722,401
5723,1020
5724,2082
5724,1084
5724,4239
5725,2309
5726,2419
5726,3831
5727,1472
5727,1299
5728,4091
5728,3236
5728,1749
5729,125
5730,2092
5731,1804
5732,1439
5733,2429
5733,4004
5734,3212
5734,4082
5735,55
5735,4023
5735,4278
5736,209
5736,3290
5736,1091
5737,2099
5737,4217
5737,1335
5738,3376
5739,2752
5739,1191
5739,1576
5740,3991
5740,3991
5740,105
5741,2237
5741,2069
5743,4032
5743,2036
5743,3431
5745,4140
5745,1197
5746,1637
5748,911
5750,3354
5751,308
5752,46
5754,305
5755,425
5756,1217
5756,2460
5756,1276
5758,1383
5759,3276
5759,587
5760,2106
5760,3291
5760,3338
5761,198
5761,198
5762,509
5763,1290
5763,691
5763,1652
5764,330
5764,738
5764,784
5765,2200
5766,2977
5767,2898
5767,2582
5767,3168
5768,3642
5769,4243
5770,291
5771,3172
5772,1964
5773,732
5773,2144
5773,160
5774,4160
5774,3004
5774,3864
5775,3078
5775,1635
5775,1793
5776,3144
5777,1582
5777,3736
5777,1887
5778,1369
5778,1039
5779,394
5780,1355
5782,1423
5782,2779
5783,3451
5783,2623
5783,4282
5785,2232
5787,1765
5788,3354
5789,3393
5789,3393
5789,3393
5790,3120
5790,356
5791,2542
5791,3346
5791,2374
5792,4299
5793,1145
5793,3935
5795,130
5795,475
5795,3988
5796,3380
5796,444
5796,1752
5797,3857
5798,2843
5799,2451
5800,3485
5800,2
5801,3140
5802,1766
5802,1086
5802,3464
5803,1307
5803,4237
5803,228
5804,2554
5804,4177
5804,1855
5805,1827
5805,907
5805,1741
5806,539
5807,955
5807,3185
5808,3826
5809,4082
5809,3974
5809,2317
5810,1579
5811,1827
5811,1741
5812,108
5813,396
5814,539
5815,889
5815,1142
5815,422
5816,1919
5817,539
5817,2599
5817,2412
5818,2293
5818,530
5819,3969
5819,1359
5819,1855
5820,3740
5820,2006
5820,3903
5822,436
5822,3570
5822,2803
5823,1708
5823,887
5823,2968
5825,3826
5825,3521
5826,1820
5827,1582
5827,3736
5827,1887
5828,735
5829,3175
5830,3652
5830,3149
5830,1441
5831,1649
5831,2231
5831,3192
5832,1106
5833,291
5834,2317
5834,2759
5835,955
5835,2244
5836,2702
5837,2310
5837,1755
5837,2881
5838,2417
5838,87
5838,3463
5839,2520
5839,3820
5840,327
5840,1500
5841,2970
5841,1531
5841,1074
5842,1505
5842,681
5842,4194
5843,2260
5843,3389
5843,2404
5844,731
5844,616
5844,3682
5845,562
5845,3911
5846,2813
5846,1973
5846,3431
5847,4123
5848,499
5849,3000
5849,2701
5849,4093
5850,1304
5850,1136
5850,4041
5851,3166
5851,242
5852,3156
5852,2980
5852,4320
5853,1441
5853,3660
5853,2317
5854,829
5854,3943
5854,691
5855,3899
5856,3978
5857,3481
5857,2664
5857,1422
5858,4261
5858,1087
5858,3266
5859,2394
5859,4082
5859,2616
5860,3309
5861,1749
5861,3396
5861,3216
5862,2317
5862,3581
5862,1262
5863,1504
5863,3050
5864,2716
5864,3431
5865,62
5865,1825
5865,1044
5866,955
5866,3185
5867,200
5867,1136
5867,4041
5868,2688
5868,2149
5868,1387
5869,4295
5869,2246
5869,2701
5870,2879
5870,3825
5870,339
5871,3518
5871,2317
5872,1466
5872,2736
5872,4089
5873,3696
5873,3431
5874,2917
5875,4082
5875,2414
5875,1196
5876,975
5876,811
5876,3847
5877,3167
5877,1718
5877,281
5878,539
5879,110
5879,1116
5880,3040
5881,1785
5881,3004
5881,2822
5882,955
5882,414
5882,3431
5883,1742
5883,3431
5884,1034
5885,3319
5885,606
5885,1240
5886,3943
5888,1397
5889,2619
5890,2239
5890,3490
5891,2721
5891,567
5891,3264
5892,1423
5892,2984
5892,340
5894,3400
5896,1779
5896,659
5896,58
5897,2178
5898,3541
5898,3140
5899,1672
5900,3427
5900,2368
5901,3701
5902,11
5903,3863
5904,2596
5907,539
5908,3550
5909,563
5909,1194
5910,3098
5910,3363
5911,2934
5911,2514
5911,3776
5914,3092
5915,725
5915,2934
5915,446
5916,1731
5917,3972
5919,4052
5920,827
5920,112
5920,2761
5921,2316
5922,539
5923,59
5924,2636
5925,2719
5926,515
5928,3217
5929,308
5930,3291
5931,874
5932,3796
5932,3503
5932,539
5933,696
5934,3400
5935,3715
5936,3010
5936,1619
5936,1739
5938,2513
5940,1500
5941,3437
5942,83
5943,2154
5943,1971
5943,890
5944,629
5945,1977
5945,1664
5946,2820
5947,1294
5947,1500
5948,2962
5948,2925
5948,973
5950,231
5950,1745
5951,3978
5952,2891
5952,2707
5953,2748
5954,2785
5954,3453
5955,3996
5956,3012
5957,3012
5959,2820
5960,2820
5961,3878
5961,423
5961,2819
5962,3403
5962,1631
5962,135
5963,904
5964,2906
5965,1311
5966,4058
5966,944
5967,4
5967,539
5967,3826
5968,3162
5968,3676
5968,570
5969,4052
5971,1088
5971,976
5972,679
5972,4239
5972,2132
5973,4100
5973,1039
5973,3256
5974,1877
5974,1129
5974,2436
5975,902
5975,3575
5975,1261
5976,2384
5976,556
5976,744
5977,1905
5978,1130
5978,723
5979,4309
5979,1346
5979,802
5980,888
5980,626
5980,2180
5981,3034
5981,4101
5982,2701
5982,1855
5982,791
5983,1326
5983,3751
5986,2084
5986,367
5987,1796
5988,4030
5989,2220
5991,2286
5992,1513
5993,397
5993,269
5993,876
5994,3981
5994,890
5994,930
5995,2834
5995,1961
5995,3447
5996,3173
5996,2152
5996,2086
5997,3279
5998,539
5998,3354
5999,679
5999,4239
5999,2082
6000,3617
6000,1240
6001,2809
6001,649
6001,134
6002,3019
6003,539
6003,99
6004,975
6004,4082
6004,1972
6005,3318
6006,2940
6006,505
6007,3037
6008,1760
6009,3141
6010,1068
6010,2638
6011,3120
6011,1395
6011,1685
6012,3400
6013,3009
6013,1767
6014,2944
6017,1767
6017,146
6018,1629
6018,3744
6019,633
6019,2054
6019,3341
6020,824
6020,2518
6020,1710
6021,1095
6022,685
6022,3024
6022,3694
6023,28
6023,1767
6024,269
6024,1052
6024,2831
6025,3763
6025,1944
6025,3076
6026,2556
6027,1622
6028,2558
6028,2760
6028,4277
6029,1767
6029,346
6030,2920
6030,2194
6030,215
6031,611
6031,3330
6032,3400
6032,2028
6032,3120
6033,1533
6033,3483
6034,3777
6034,3023
6034,1969
6036,4191
6036,1924
6036,3988
6037,2648
6037,465
6038,2699
6038,2171
6038,1154
6039,3042
6039,2915
6040,2760
6040,393
6042,308
6042,3837
6042,4004
6043,3433
6043,3431
6044,3361
6044,2833
6044,1855
6045,2317
6046,2103
6046,1593
6046,3751
6047,4224
6047,1310
6047,1705
6048,2734
6048,1126
6048,3119
6049,2118
6049,499
6050,2768
6050,1248
6050,3391
6051,1349
6051,1359
6051,756
6053,2963
6053,2995
6054,1324
6055,4292
6056,1407
6057,4084
6058,2317
6058,1199
6059,1821
6061,3434
6063,3613
6063,3461
6065,2719
6066,2130
6067,1192
6068,4007
6068,433
6068,3220
6069,2478
6070,1819
6071,4010
6071,883
6071,1908
6072,1423
6072,2850
6073,1775
6075,1106
6076,555
6077,2317
6077,427
6078,4198
6079,2984
6079,211
6079,1736
6080,3097
6080,1850
6081,2427
6083,3856
6084,3370
6084,3400
6084,1774
6085,1192
6085,3184
6086,1301
6087,1427
6088,1192
6089,3890
6090,3976
6092,2054
6092,3341
6092,2850
6093,3890
6094,515
6095,2719
6097,1558
6097,1353
6097,3441
6098,3764
6098,2606
6098,3341
6099,1663
6101,817
6101,1740
6101,3347
6102,2461
6102,3341
6103,3254
6104,3207
6105,3740
6105,186
6105,3207
6106,1244
6106,4277
6106,3095
6107,817
6108,1808
6109,2047
6109,1754
6110,3207
6111,469
6112,548
6113,3282
6113,1976
6113,353
6114,1480
6114,1928
6114,3437
6115,1633
6115,1932
6115,1063
6116,4041
6116,2116
6116,1023
6118,2137
6118,2304
6119,35
6119,4315
6119,1820
6120,538
6120,343
6120,3942
6122,1274
6122,1767
6122,537
6123,3559
6123,3688
6123,4083
6124,1924
6124,1767
6124,1373
6125,2648
6125,4299
6125,396
6126,1879
6127,4138
6128,621
6128,1884
6128,2363
6129,3207
6130,633
6130,189
6130,3679
6131,691
6131,2751
6131,621
6133,3059
6133,1862
6133,168
6134,315
6135,954
6136,590
6136,1088
6137,326
6138,3030
6140,1624
6141,1026
6141,294
6141,4
6142,3690
6142,1536
6142,597
6143,4071
6143,635
6144,3207
6146,2712
6146,916
6146,4038
6147,2906
6148,1698
6148,387
6149,2121
6150,2789
6150,2625
6150,1381
6151,120
6151,2088
6151,568
6152,2487
6152,1016
6153,1693
6154,120
6154,2765
6154,449
6155,3951
6156,4169
6156,3120
6156,686
6157,3207
6158,1231
6159,1256
6160,2516
6160,1462
6160,3309
6161,3719
6161,4004
6161,101
6162,3740
6162,186
6162,3207
6163,2440
6163,3341
6164,2745
6165,1802
6166,4046
6166,2935
6166,644
6167,2471
6168,1964
6168,2141
6168,1747
6169,3639
6170,2820
6171,3731
6171,3903
6171,1861
6172,3207
6173,3207
6173,3123
6174,3254
6175,159
6175,3005
6175,3207
6177,2638
6180,1542
6180,3347
6181,86
6181,3005
6181,916
6182,1182
6182,1590
6182,3338
6183,4038
6184,2358
6184,3614
6184,689
6185,3710
6185,3336
6185,1578
6186,2465
6186,4103
6189,2501
6189,198
6190,3639
6190,3408
6191,4142
6191,4362
6191,1084
6192,2721
6192,2988
6192,3336
6193,601
6194,3096
6197,3197
6197,539
6198,1827
6198,1741
6199,2652
6199,2767
6201,4283
6201,3901
6202,3322
6202,622
6202,112
6205,2939
6206,1192
6208,221
6209,4294
6211,3927
6211,3152
6212,1577
6213,1309
6214,2045
6214,4254
6214,1757
6216,4169
6218,3711
6219,3745
6219,3341
6220,1117
6221,4000
6223,2546
6223,872
6223,3537
6224,550
6224,4147
6225,3737
6225,2772
6225,618
6226,3647
6227,2025
6227,1134
6228,2317
6228,1441
6229,2794
6230,2443
6231,539
6231,3232
6232,910
6232,2580
6233,1855
6234,1682
6235,975
6235,3607
6235,1950
6236,2114
6236,884
6236,1356
6237,3801
6237,1118
6237,2987
6238,166
6239,1416
6239,4356
6240,4288
6240,4344
6240,1147
6241,1487
6241,2023
6241,1875
6242,2557
6243,2648
6243,3796
6243,3620
6244,1924
6245,1525
6245,2504
6245,207
6246,1400
6246,1683
6246,3650
6247,2638
6247,4040
6248,306
6249,2658
6249,618
6250,3120
6250,1946
6251,2422
6252,1597
6252,2998
6253,2338
6253,1004
6254,4130
6255,3025
6255,458
6255,3430
6256,2056
6256,2556
6256,2556
6257,1465
6257,3826
6257,796
6258,3670
6258,2625
6258,2576
6259,2807
6261,2721
6261,277
6261,1100
6262,120
6262,759
6262,2832
6263,912
6263,4041
6263,970
6264,390
6266,2711
6266,770
6266,4262
6267,1767
6267,743
6268,1473
6268,1841
6268,1631
6269,295
6269,1039
6270,3270
6270,1660
6271,1162
6272,3504
6273,1552
6273,812
6273,4210
6274,1822
6275,4036
6275,2845
6275,1412
6276,3571
6277,2489
6277,3157
6278,1506
6278,3919
6278,1900
6279,2189
6279,3732
6279,3697
6280,1855
6281,2419
6282,2082
6282,4239
6282,3692
6284,2881
6284,3855
6284,4360
6285,358
6285,42
6286,539
6287,1253
6287,847
6287,3192
6288,3648
6289,679
6289,4239
6289,1948
6290,2701
6290,2435
6290,3827
6291,738
6292,355
6292,3224
6293,2871
6293,3324
6294,2498
6294,604
6294,2743
6295,4344
6296,1552
6296,4041
6297,3229
6298,2805
6299,3925
6301,1751
6301,2608
6301,3450
6302,2989
6302,536
6302,1694
6303,187
6303,254
6303,254
6304,2044
6304,190
6305,2731
6305,833
6306,2924
6306,165
6306,1061
6307,3103
6307,857
6307,3705
6308,1787
6308,1440
6308,3732
6310,1948
6310,2310
6310,1749
6311,1566
6311,1532
6312,4004
6312,3242
6313,321
6313,4016
6313,391
6314,1566
6315,752
6316,4252
6316,2698
6316,226
6317,924
6317,1494
6317,405
6318,564
6318,3705
6318,2548
6320,2833
6320,4328
6320,1855
6321,515
6322,461
6322,681
6322,2819
6323,720
6323,1500
6324,1846
6324,1228
6324,3209
6325,1589
6325,3597
6325,3732
6326,4268
6327,2286
6327,416
6327,980
6328,2408
6328,2719
6329,3052
6329,3192
6330,1540
6330,1079
6330,3235
6331,2916
6331,2916
6332,150
6332,1500
6333,3108
6334,76
6334,2707
6335,856
6336,513
6337,1967
6338,555
6340,911
6341,2707
6343,4268
6344,4059
6344,1660
6344,3515
6345,3923
6346,315
6347,687
6348,4143
6349,366
6349,691
6349,3493
6350,1700
6351,1902
6351,3537
6352,239
6353,3640
6354,2777
6355,3651
6356,1567
6357,4135
6357,2468
6358,2444
6359,3730
6359,2162
6360,1157
6361,2972
6361,2692
6362,2907
6363,669
6364,3555
6365,2919
6365,322
6366,3145
6366,1185
6367,2909
6368,3139
6369,275
6370,3639
6371,2502
6372,4303
6373,1229
6374,2612
6374,1974
6375,2164
6376,575
6376,2242
6377,3896
6377,2601
6378,3207
6379,891
6380,2770
6381,3347
6383,1189
6384,4062
6385,2177
6386,1495
6386,2068
6387,1628
6388,3204
6388,1500
6389,2271
6390,2638
6392,633
6392,4038
6392,3785
6393,3948
6394,3948
6395,2706
6397,3808
6397,2992
6398,3147
6398,1855
6399,539
6400,2982
6400,1660
6400,1518
6401,3757
6402,1896
6403,1430
6404,269
6404,925
6405,2138
6405,3366
6405,539
6406,4177
6406,1855
6407,3906
6407,3073
6408,422
6408,485
6408,1146
6409,3708
6409,429
6409,1254
6410,3127
6410,3226
6410,3192
6411,1914
6412,1030
6412,4092
6412,3736
6413,709
6413,59
6414,2158
6414,2340
6415,1875
6416,3233
6416,955
6416,1340
6417,503
6417,1855
6418,62
6418,1825
6418,1044
6419,3120
6419,1862
6419,633
6420,1198
6420,1871
6420,2582
6421,3049
6421,3168
6422,399
6422,3610
6422,755
6423,3903
6423,2121
6423,3005
6424,3734
6424,842
6425,520
6427,982
6427,4146
6427,1343
6428,1250
6428,1388
6429,117
6429,1690
6429,715
6430,4269
6430,2364
6430,3638
6431,4
6431,173
6431,39
6432,1582
6432,3736
6432,1887
6433,1855
6433,968
6433,1344
6434,81
6434,2441
6434,2012
6435,2286
6436,3192
6437,1969
6438,3806
6438,4092
6439,2648
6439,1855
6439,1891
6440,586
6442,1464
6442,1549
6443,17
6443,3826
6443,820
6444,2838
6445,3921
6445,1399
6445,627
6446,3312
6447,480
6447,1534
6447,2286
6448,1034
6448,1648
6449,4017
6449,658
6449,3449
6450,3918
6450,1528
6451,4039
6451,1359
6451,1820
6452,2860
6452,3888
6452,2011
6453,328
6453,3354
6454,2993
6454,2161
6454,3447
6455,277
6455,2167
6455,2984
6456,2719
6456,2408
6457,4230
6458,2705
6458,1352
6458,2053
6459,3131
6459,3322
6459,2256
6460,3294
6460,1855
6461,3652
6461,884
6461,4241
6462,4149
6462,3497
6463,1417
6464,3812
6465,2485
6465,506
6465,506
6467,3924
6467,3437
6467,2814
6468,3734
6468,2711
6468,3113
6469,3090
6469,1006
6469,4114
6470,723
6471,2447
6471,3252
6472,124
6472,501
6472,2866
6473,539
6474,2134
6474,3166
6474,2948
6475,1919
6475,3784
6476,3333
6476,2961
6476,539
6477,1738
6478,2573
6478,222
6478,472
6479,22
6479,3431
6479,1855
6480,3128
6480,4082
6480,2701
6481,3582
6482,2974
6482,1720
6484,229
6484,655
6484,1108
6485,2060
6485,3301
6485,1823
6486,3608
6488,2728
6489,3640
6491,3639
6492,3529
6492,460
6492,3833
6493,1862
6493,3341
6493,1945
6494,734
6495,3400
6497,1192
6499,1482
6499,2344
6500,4307
6500,3199
6501,3698
6501,3597
6501,1284
6502,2533
6502,539
