tvseries_id,creator_id
1,355
1,1623
1,785
2,756
3,709
3,64
5,2275
8,80
9,3179
9,1093
10,2049
10,529
11,290
13,1239
14,2681
14,2301
14,894
15,894
16,2681
16,2301
16,894
17,251
17,2975
18,2212
19,2267
19,613
20,2267
20,613
21,613
21,2282
22,2770
23,3001
24,2892
25,1725
25,114
28,2376
28,3572
29,1893
29,2227
30,2561
30,2935
31,251
31,669
33,1693
34,2253
35,1254
36,3598
36,2032
36,650
39,1695
40,996
40,1011
41,2217
41,1119
42,3569
43,3001
44,1168
45,3281
45,1143
46,443
47,320
49,2364
50,1421
51,2868
51,3417
52,1771
54,1236
55,1151
55,2692
56,1437
57,2399
58,3355
59,2967
59,1151
59,2692
60,1688
60,330
61,595
62,595
63,330
63,2549
64,330
64,2478
64,2549
66,2894
67,643
67,2860
68,2480
68,2000
68,1895
69,1269
69,2384
70,1186
71,78
71,2329
72,2617
74,1910
75,589
75,2256
75,1086
77,2485
78,2485
80,2480
81,114
81,240
81,3365
82,2152
83,1813
84,1690
85,2864
86,136
87,2292
87,2787
88,1964
89,1522
90,3317
91,3436
92,828
93,1581
93,998
94,1528
94,1959
94,3187
95,100
95,364
95,3235
96,230
97,2312
98,1530
99,971
101,1629
102,837
103,2860
105,2629
105,749
106,3328
106,2841
107,3442
108,2474
108,810
109,489
109,442
110,2000
111,1885
111,313
112,2928
112,3603
113,94
113,1757
114,3175
115,3442
116,2796
116,1335
116,1487
117,838
119,3544
120,520
120,3604
120,2344
121,3455
122,771
123,2119
123,2775
124,3470
126,1095
127,3162
128,3604
129,3180
131,726
132,306
133,1796
134,2782
134,741
134,1499
135,306
135,256
136,496
137,1725
138,541
140,489
141,2328
143,2876
143,2457
144,651
145,2450
146,2574
146,1072
147,864
147,2689
148,1065
148,2071
148,3224
149,207
150,251
150,1695
151,1515
152,2974
152,2293
153,1215
154,2865
154,442
155,3284
155,3539
156,1007
157,2175
157,2611
157,2182
158,502
158,1879
159,2152
161,3314
162,1454
162,1742
162,1287
163,37
163,3608
164,2860
166,2409
166,414
167,2656
168,2956
168,3035
169,3442
170,2590
171,2420
172,2175
173,1695
174,1559
175,62
175,7
176,2699
177,1725
178,3282
179,3486
179,864
180,2233
180,3604
180,1630
181,1385
181,1227
181,3393
182,1227
183,3330
184,2859
184,1582
184,1676
185,587
185,1050
186,3136
186,1229
186,897
187,1719
187,45
187,2213
189,65
189,488
190,2165
191,444
192,1597
192,769
193,2956
193,2409
193,414
194,2935
195,2409
195,414
196,3564
197,380
198,485
198,3422
199,1854
199,3509
200,2240
200,3018
200,1804
201,1697
202,1160
203,2154
204,3093
204,797
205,1813
206,3203
207,36
207,2468
207,3102
208,3547
209,2334
209,2221
210,1345
211,3030
212,145
212,2935
213,1335
213,1487
213,3074
214,2205
215,1405
216,1392
216,2938
217,670
218,2304
218,1490
219,383
220,2187
221,3357
221,3512
221,1181
222,444
223,3595
223,256
223,306
224,2505
224,654
225,2158
226,2860
226,3539
227,429
227,2056
228,749
228,2629
229,3572
230,3572
230,565
231,3572
232,1677
233,837
234,507
234,2957
235,494
235,1860
236,494
237,1432
237,1494
238,3141
238,889
239,1325
240,772
240,888
240,3169
241,283
242,946
242,2873
242,357
243,1724
243,2866
243,2399
244,3165
244,441
244,2596
245,1876
246,761
247,1664
248,246
248,958
248,293
249,3482
249,516
250,246
250,293
250,958
251,2396
251,297
252,3001
252,336
252,997
253,3308
255,48
256,1389
256,2077
257,2100
258,3479
259,2196
259,393
260,1863
261,2552
262,198
262,1277
263,2241
264,361
265,3492
265,2786
267,338
268,2703
268,3024
268,2058
269,2913
269,123
270,2411
271,2300
272,3578
274,1760
274,868
275,1802
275,3458
276,1663
277,2397
277,382
278,394
279,696
280,387
280,3479
281,2491
281,1442
281,2977
282,1695
283,609
283,3522
283,2421
284,2004
285,1663
285,2340
286,567
287,961
287,340
288,2961
288,727
289,2694
290,1012
292,2751
292,2359
294,2184
294,497
296,664
297,3155
297,1393
298,2421
298,1737
299,2477
299,3095
300,969
301,2553
301,3494
301,1568
302,955
302,1381
303,3410
303,2431
304,2525
304,740
304,466
305,2799
306,1159
308,554
309,3472
310,1920
311,3565
312,2502
313,814
315,2700
316,2451
316,3382
317,2451
317,3382
319,2856
320,3355
320,2833
321,2138
321,2102
322,143
323,1690
324,3579
325,556
325,2275
326,787
326,2311
327,2473
328,444
329,1509
330,2330
332,731
335,245
335,1075
336,2965
338,443
340,2594
340,599
340,309
341,1095
341,3184
341,3097
342,3539
342,3571
343,619
345,322
346,1198
347,1211
347,1040
348,1093
349,125
350,3494
350,1568
351,3539
352,2653
352,2878
353,1505
354,1699
355,820
358,2861
358,326
358,202
360,1353
360,178
361,2661
362,2828
363,1527
363,3117
364,3526
365,2569
365,1360
367,2559
368,1593
368,2796
368,1017
369,1938
369,620
370,718
371,2669
371,2225
372,98
372,3089
372,1523
374,2024
374,691
375,1326
376,421
377,2914
378,2633
378,610
379,3123
380,847
381,2455
381,2742
382,2200
383,515
383,1611
385,3503
385,1280
385,30
386,1599
386,3261
387,1897
387,2339
388,2950
388,225
390,2669
390,2225
391,251
392,1148
394,2549
394,367
395,3296
395,165
398,415
400,147
401,2916
401,2452
401,1327
402,1851
403,1093
403,560
403,2346
404,639
405,22
405,1860
406,3553
406,1052
406,2616
407,1989
407,1642
407,331
408,1353
408,3031
409,1167
410,1802
410,3458
411,3565
411,3181
411,1009
412,3155
413,692
417,359
417,1068
418,3175
419,675
420,1877
420,2291
420,1874
421,3512
423,1813
424,1720
424,2063
424,877
425,1076
425,1282
425,2104
426,1237
427,208
428,3576
429,1774
430,1068
430,1184
431,3479
432,2538
433,68
433,2175
434,3442
436,3575
437,1507
437,3246
438,2749
439,1507
439,3573
440,669
442,251
442,2975
443,263
444,3540
445,588
445,1347
446,434
446,1537
447,2871
448,3203
449,1313
449,1110
450,1353
450,444
451,360
451,2969
452,2061
453,702
454,2498
455,3518
457,2736
457,2281
458,2793
458,3599
459,3317
460,1558
460,3522
460,3273
461,3049
462,2631
463,1164
464,3447
464,1319
466,2259
467,2573
468,2285
468,896
470,2518
470,3496
471,517
471,3581
471,1564
472,436
474,2860
475,775
475,2354
475,1652
476,666
477,2594
477,599
477,309
478,510
478,51
479,32
480,2593
481,376
481,185
481,1909
482,1220
482,1709
483,2843
484,669
485,1725
486,2192
487,2426
487,1845
487,2796
489,264
490,801
490,1690
492,2328
493,3487
494,1550
495,2796
496,634
497,1248
497,1834
499,492
500,3181
500,1009
502,1313
502,327
502,3492
503,294
503,77
504,1503
505,2979
506,425
506,2252
507,3017
508,1796
509,601
510,3167
510,2796
510,1476
512,1576
513,1605
513,1188
513,84
514,2920
514,1122
517,739
517,826
518,3096
518,2837
518,1221
519,731
520,3474
521,2739
522,810
2000,405
2001,1925
2001,627
2002,446
2003,1605
2004,1002
2005,3114
2005,1630
2006,2974
2006,2293
2007,58
2007,1035
2007,967
2008,3154
2008,1985
2010,2035
2010,444
2013,570
2013,3270
2014,498
2014,318
2015,1551
2015,1579
2016,2752
2018,1048
2020,3340
2021,411
2021,1099
2024,2050
2024,829
2025,3059
2025,869
2027,538
2028,362
2028,1273
2028,2232
2030,443
2031,40
2032,1950
2033,461
2034,609
2034,2954
2035,2954
2035,609
2035,3370
2035,3512
2035,162
2035,334
2037,857
2038,1736
2038,754
2039,1750
2040,3213
2040,1676
2041,2799
2042,60
2042,2418
2042,100
2043,2295
2044,3425
2046,2738
2047,2728
2047,3435
2048,2171
2049,2347
2049,1328
2052,2750
2053,2711
2053,1094
2054,2664
2056,1974
2056,1898
2056,46
2057,1015
2057,1102
2058,1249
2059,476
2059,414
2060,438
2061,1525
2062,3213
2062,1676
2063,556
2064,556
2064,1031
2065,2622
2065,2470
2066,2514
2066,633
2067,2050
2068,3090
2069,1137
2070,1004
2072,3262
2074,2978
2074,2887
2074,2519
2075,3448
2075,3583
2077,865
2078,1723
2079,2924
2081,3322
2082,2602
2083,520
2083,3038
2083,1718
2084,829
2084,3212
2085,424
2087,3388
2088,1285
2088,3019
2089,829
2089,3283
2089,418
2090,829
2090,2507
2090,418
2091,1052
2091,2332
2091,464
2092,984
2093,810
2094,867
2095,3593
2096,2460
2096,53
2096,1441
2097,1654
2097,2956
2098,1116
2098,3301
2100,2746
2100,1261
2100,922
2101,1426
2102,3126
2102,504
2102,811
2103,3614
2103,2968
2104,3371
2104,438
2104,15
2105,1172
2105,770
2106,306
2106,256
2107,1870
2107,3155
2108,2277
2108,2270
2108,858
2109,645
2110,1372
2111,863
2113,1517
2113,1878
2113,1944
2114,1538
2115,3020
2115,1156
2115,1056
2116,596
2117,2693
2118,2916
2118,2452
2118,1327
2119,1668
2119,2806
2120,1967
2120,3221
2120,652
2121,895
2122,2854
2122,1257
2122,3541
2123,818
2124,1114
2125,1964
2126,2368
2127,1403
2127,1924
2128,1677
2133,1164
2135,126
2135,2543
2138,511
2138,1620
2138,2211
2139,3269
2140,1706
2140,1361
2141,94
2141,1757
2142,1913
2143,1465
2145,1686
2145,1491
2145,223
2146,681
2146,1339
2147,2347
2147,1765
2147,2288
2148,2667
2148,2119
2148,3614
2150,2029
2151,598
2152,1716
2153,1501
2153,3214
2154,767
2154,1235
2155,2000
2155,470
2156,1464
2157,438
2157,892
2157,3015
2158,1672
2159,3109
2160,2286
2161,1533
2162,2202
2163,1150
2163,3443
2163,1052
2164,1162
2165,2735
2166,2320
2167,3318
2169,3474
2169,741
2170,3428
2171,2634
2172,1764
2172,1124
2173,1244
2173,622
2174,444
2175,2669
2176,2669
2177,2997
2177,1345
2178,3572
2178,1969
2178,3510
2178,1274
2179,1903
2179,3283
2179,1758
2180,3203
2181,1456
2181,592
2181,952
2183,2810
2184,482
2185,1095
2186,3138
2187,3138
2188,2053
2189,1096
2190,2053
2190,2271
2191,1093
2192,2550
2193,1093
2193,734
2194,3186
2194,3483
2194,2272
2195,2043
2195,2821
2196,1100
2196,506
2197,3547
2198,3547
2198,640
2199,1639
2199,210
2200,1405
2201,3399
2201,2717
2201,3557
2202,1018
2203,2511
2204,899
2205,1424
2206,3006
2210,968
2211,3105
2211,2470
2212,3284
2214,220
2215,1781
2215,1503
2215,3111
2216,2610
2218,910
2218,3291
2219,824
2221,200
2221,1397
2222,1384
2223,2375
2223,1109
2223,33
2224,306
2224,256
2224,3595
2225,556
2226,1549
2227,1424
2228,1840
2229,1093
2229,2489
2229,2834
2229,1624
2230,908
2231,1992
2231,2435
2231,28
2234,3021
2236,3468
2238,990
2239,3449
2239,3105
2240,3105
2240,3516
2240,448
2241,744
2241,258
2242,1706
2243,1721
2243,2755
2244,285
2245,1173
2246,815
2246,2341
2247,3359
2248,149
2248,1827
2248,2542
2248,1564
2249,972
2249,1390
2250,94
2250,1757
2251,2688
2252,2068
2253,438
2253,2630
2254,3225
2254,3440
2254,3054
2255,365
2255,295
2255,1673
2256,410
2256,1058
2256,1823
2257,3429
2258,1650
2258,833
2258,3259
2258,3219
2260,1774
2260,778
2261,3105
2261,305
2261,448
2263,2701
2264,308
2265,625
2266,695
2266,3284
2266,1666
2267,2860
2268,2429
2268,1261
2269,290
2270,2664
2270,2732
2271,2178
2271,1808
2273,3279
2274,410
2274,3105
2274,448
2275,1529
2276,2554
2277,25
2278,410
2278,3038
2278,3276
2278,3105
2279,744
2279,258
2280,3267
2281,3330
2282,598
2283,3029
2283,99
2284,2176
2285,3161
2285,602
2286,2496
2287,597
2288,3383
2288,3083
2289,3474
2289,2993
2290,3527
2291,257
2291,2557
2291,455
2292,905
2293,808
2294,2931
2295,593
2295,2522
2296,2777
2297,849
2298,3476
2299,2685
2300,2540
2300,2525
2301,2472
2301,3358
2302,3155
2304,2306
2304,1556
2304,1691
2305,3132
2305,1005
2306,2331
2307,285
2308,2865
2308,1108
2310,879
2311,3079
2311,555
2311,513
2312,3079
2312,2632
2312,555
2312,513
2312,1604
2313,3079
2313,513
2313,1604
2314,3079
2314,513
2314,1604
2315,420
2315,3381
2316,2803
2317,2424
2317,3176
2317,523
2317,2733
2318,1224
2319,1759
2320,1484
2320,1262
2321,3614
2321,2210
2322,2542
2322,1827
2322,1828
2323,1466
2324,1195
2325,273
2325,3229
2326,26
2326,1384
2327,3161
2327,3388
2328,304
2328,2317
2329,2798
2329,304
2329,2317
2330,3419
2331,1497
2331,1041
2332,1588
2335,3214
2336,2222
2336,962
2336,1714
2337,1868
2338,3034
2339,2570
2339,16
2340,3600
2340,2430
2340,1089
2340,537
2341,3600
2341,2430
2341,1089
2342,2904
2343,350
2343,2990
2343,1120
2345,2643
2346,2348
2347,2
2348,1955
2349,1755
2350,3063
2350,1756
2351,1291
2351,573
2352,2120
2354,2302
2355,3127
2355,865
2357,3369
2357,831
2359,2036
2359,3104
2360,1688
2360,1841
2361,2882
2361,754
2362,1839
2364,3071
2367,2242
2368,3411
2369,2065
2370,1945
2370,1383
2370,2758
2371,1880
2372,1107
2373,503
2373,520
2373,2344
2374,3470
2374,1990
2376,1626
2376,2441
2376,1896
2377,879
2378,2956
2379,1667
2380,3105
2380,305
2380,1455
2381,1168
2382,1216
2383,439
2383,572
2384,3216
2386,814
2386,1765
2387,99
2388,983
2388,1435
2389,895
2390,120
2390,833
2391,2568
2392,1475
2395,2867
2395,1430
2397,2958
2398,2991
2399,315
2402,353
2404,1955
2404,2295
2405,794
2406,786
2407,2145
2409,2999
2410,734
2411,1329
2411,667
2412,424
2414,2382
2415,476
2415,1693
2416,459
2417,3585
2418,1790
2418,598
2418,3265
2419,3110
2420,172
2421,960
2421,3218
2422,1387
2423,2651
2423,1707
2423,1610
2424,2579
2425,3143
2425,3214
2426,3538
2428,559
2429,1188
2429,2313
2430,201
2431,107
2432,1032
2433,2888
2434,719
2434,2296
2436,1420
2438,939
2438,1297
2439,2919
2439,369
2439,2755
2440,2982
2440,1538
2441,1932
2442,1771
2442,443
2443,900
2445,2705
2446,2801
2446,940
2446,2349
2447,1140
2447,1177
2448,917
2449,1375
2450,1283
2450,103
2451,2917
2451,372
2451,56
2452,1706
2453,2629
2453,749
2454,852
2454,1753
2455,3550
2456,1536
2458,852
2458,1753
2459,3067
2461,1518
2461,3003
2462,3217
2462,3414
2462,3340
2464,2511
2465,2627
2465,1350
2466,2081
2467,1195
2468,3615
2469,762
2469,2989
2470,479
2471,3583
2474,2060
2474,1309
2475,622
2476,1971
2476,2790
2477,1069
2478,2738
2479,3547
2480,729
2482,1952
2482,101
2488,616
2489,3271
2489,672
2490,2640
2491,2224
2492,127
2492,1444
2493,3362
2493,1765
2495,1254
2499,2998
2499,2714
2500,2048
2501,2399
2502,3238
2502,653
2502,925
2503,3046
2503,1226
2505,1261
2506,1633
2507,419
2508,566
2510,2838
2510,3390
2510,1628
2512,1970
2512,3366
2512,1243
2514,2776
2515,661
2515,3462
2516,2723
2516,2639
2517,1093
2517,1620
2518,2710
2519,3142
2519,475
2520,1765
2522,1450
2522,2469
2522,3363
2524,2042
2525,422
2525,1696
2527,1440
2528,1794
2528,2539
2528,2025
2529,2906
2530,1404
2531,621
2533,1689
2533,3171
2535,1621
2535,2128
2536,544
2536,988
2537,1069
2540,1479
2541,3128
2541,903
2542,1483
2542,1082
2543,1522
2545,1984
2550,2679
2551,2395
2553,72
2554,570
2554,3260
2555,1745
2557,2943
2557,102
2557,1118
2558,1882
2559,907
2559,1255
2560,2051
2560,444
2561,2454
2562,934
2562,2113
2562,1577
2563,2820
2564,1678
2564,1674
2566,2108
2566,1615
2566,1103
2567,2601
2567,1803
2569,216
2569,2148
2571,2419
2571,735
2572,2283
2572,915
2573,3204
2574,379
2574,2662
2576,657
2576,1277
2576,2388
2577,2908
2577,630
2578,1021
2579,1660
2579,2642
2581,3226
2581,462
2582,1478
2583,234
2586,732
2590,2970
2591,2872
2591,1947
2591,2067
2592,2269
2592,809
2592,883
2593,1864
2594,2141
2594,138
2595,1660
2595,2642
2597,2447
2598,9
2598,3442
2598,9
2599,3344
2600,3462
2601,1818
2602,2309
2603,3316
2603,289
2603,3119
2604,2879
2608,1649
2608,1927
2610,1812
2610,3001
2611,3252
2611,3223
2611,1139
2613,526
2613,706
2613,864
2614,3117
2614,3001
2615,1206
2616,1625
2617,3403
2617,958
2617,3607
2618,2913
2618,2446
2618,123
2619,2697
2620,451
2625,1061
2625,1449
2625,530
2627,3001
2628,440
2630,3593
2631,2245
2632,1372
2633,296
2634,2292
2634,2787
2634,17
2635,59
2635,3181
2635,1009
2636,3469
2638,1284
2639,1402
2640,235
2641,1771
2641,973
2642,1727
2642,3572
2643,1274
2643,3510
2644,256
2644,1179
2644,306
2645,953
2645,614
2646,2287
2647,3035
2648,335
2648,526
2648,864
2650,951
2651,2965
2653,2264
2655,3172
2655,3115
2657,2292
2657,2787
2659,1149
2659,1977
2660,2144
2661,941
2661,1212
2661,277
2662,2079
2663,2227
2663,3342
2663,142
2664,242
2665,1935
2666,473
2667,2486
2667,3035
2668,602
2669,1814
2669,2308
2670,1943
2670,864
2671,2743
2671,513
2671,1277
2672,37
2673,1647
2674,524
2675,410
2675,3105
2676,2670
2677,2847
2678,791
2681,298
2681,290
2682,143
2683,57
2684,829
2686,3188
2686,2289
2687,1539
2687,710
2688,1675
2689,626
2690,668
2690,9
2690,3442
2691,936
2691,3313
2691,2087
2692,2537
2692,3502
2693,274
2693,1758
2694,3396
2695,14
2695,546
2696,2597
2696,2130
2697,320
2697,2646
2699,3539
2703,3313
2703,1966
2703,1747
2704,1268
2704,143
2704,2203
2705,386
2707,1131
2709,2551
2709,1618
2710,204
2711,1299
2711,3423
2712,864
2712,228
2715,1141
2715,784
2717,2103
2717,2523
2721,2487
2722,3563
2723,2797
2723,730
2723,1734
2724,1832
2724,1847
2726,1377
2726,2898
2726,3324
2727,994
2728,270
2729,3136
2729,1229
2729,897
2730,3208
2730,1277
2732,3157
2733,3001
2734,2797
2734,563
2734,340
2735,3253
2736,1187
2737,3442
2738,772
2738,888
2739,2116
2740,3355
2741,251
2741,669
2742,1763
2742,1570
2742,2971
2743,224
2743,1627
2744,401
2744,3121
2748,1262
2748,1484
2748,502
2753,2591
2754,1995
2756,343
2758,1654
2759,2405
2759,3470
2761,3214
2762,391
2762,2108
2762,1436
2763,2300
2764,3326
2765,2256
2765,2461
2765,1346
2767,1477
2768,3510
2768,3572
2769,2043
2770,1627
2770,520
2770,1715
2771,32
2771,1158
2772,316
2772,1955
2773,3150
2773,2462
2773,2037
2774,444
2775,1424
2775,1295
2776,1201
2776,611
2777,3065
2777,1197
2778,1782
2778,1676
2779,485
2780,711
2780,2229
2780,2884
2781,1540
2782,2250
2783,2489
2783,2506
2784,2264
2785,160
2787,738
2787,1222
2788,1105
2788,3256
2789,1348
2789,2948
2789,3480
2790,1213
2792,1420
2793,1573
2793,1207
2793,2083
2794,2415
2794,145
2794,2935
2795,902
2795,2093
2795,1199
2796,2275
2797,3480
2797,2948
2798,3374
2798,2092
2798,705
2799,3043
2800,658
2801,472
2801,3175
2802,1226
2803,1885
2803,313
2804,2409
2805,2475
2805,963
2807,3306
2808,1398
2809,1889
2809,6
2809,2930
2810,3091
2811,3415
2811,311
2812,2165
2813,1260
2814,112
2815,1636
2815,444
2815,504
2816,106
2816,2185
2816,1552
2817,2762
2818,3060
2818,1940
2818,678
2819,1277
2820,696
2821,3470
2821,2235
2823,3334
2823,2207
2824,659
2825,3395
2827,778
2827,2612
2828,444
2829,585
2829,814
2830,1725
2832,1562
2832,1700
2832,1725
2833,1095
2834,3401
2834,1997
2834,3038
2835,3155
2835,520
2836,363
2836,2111
2837,489
2838,3539
2839,1147
2839,2535
2839,2814
2841,613
2842,1920
2842,1439
2842,1631
2843,812
2844,1322
2844,3584
2845,2613
2845,707
2846,2653
2846,2052
2847,1203
2847,2609
2847,2715
2848,1728
2848,2562
2848,196
2849,3374
2849,1927
2849,1355
2850,2007
2851,69
2851,2146
2851,3141
2852,603
2852,2098
2852,816
2853,150
2853,2379
2853,923
2854,3247
2854,1493
2855,2356
2857,2602
2857,963
2860,2671
2861,1682
2861,1978
2864,1522
2864,1057
2867,2440
2867,159
2868,2006
2868,2712
2870,1862
2871,1324
2872,3001
2873,3068
2874,2457
2874,2876
2876,1975
2876,505
2877,1475
2878,1565
2880,1066
2880,161
2880,3514
2881,3042
2881,1419
2882,2275
2883,1735
2883,145
2883,2935
2884,3372
2885,482
2886,2647
2886,1941
2887,2434
2888,2911
2889,3192
2889,2759
2890,2965
2891,256
2891,1179
2891,306
2892,937
2892,346
2892,1942
2897,2086
2898,1036
2899,3613
2899,2686
2900,306
2900,2531
2901,178
2904,773
2905,444
2907,3406
2909,1686
2909,1491
2910,1654
2911,1059
2911,745
2912,3199
2912,299
2912,3391
2916,2369
2916,1622
2916,2792
2917,1323
2917,390
2917,2298
2922,2616
2922,30
2924,1921
2925,1640
2926,1766
2928,2502
2928,1627
2928,2652
2929,1813
2929,2101
2929,1062
2930,1766
2931,3524
2932,2326
2932,2392
2933,1929
2934,447
2936,3283
2936,3588
2937,1767
2937,1135
2938,2395
2939,725
2939,3006
2941,866
2941,345
2943,885
2944,2778
2944,306
2946,3353
2948,2463
2949,638
2949,2878
2950,1996
2951,1643
2951,3464
2952,1425
2957,2738
2958,1603
2958,856
2959,1982
2962,3485
2962,171
2962,2541
2965,1371
2965,3211
2970,447
2971,2131
2972,2845
2975,1000
2977,648
2977,870
2978,2481
2981,1994
2982,748
2982,1391
2982,262
2984,2585
2984,2276
2984,717
2986,1399
2986,3517
2986,3462
2987,1337
2989,3381
2990,1657
2992,904
2992,3290
2994,2068
2994,1171
2994,879
2996,1625
2996,2986
2996,3295
2997,2883
2997,2466
2999,200
2999,3168
3003,3329
3003,1332
3004,2944
3008,2925
3008,3013
3008,927
3010,1605
3010,1399
3010,1441
3012,2389
3015,3418
3015,3596
3017,317
3017,2886
3020,3028
3020,887
3020,1686
3022,2196
3022,393
3022,2929
3023,74
3023,2064
3024,2616
3024,726
3024,30
3025,1399
3025,3517
3025,520
3026,930
3026,3438
3027,1594
3027,1681
3029,63
3033,1369
3034,2925
3034,3013
3034,1123
3038,1872
3038,947
3038,1541
3039,2839
3042,2559
3042,3254
3043,512
3044,2157
3045,1214
3045,2028
3045,2254
3046,2471
3046,2165
3047,3220
3049,2245
3050,2016
3050,3236
3050,3050
3051,2327
3052,2238
3052,3319
3053,2079
3057,3160
3060,864
3062,3008
3063,197
3063,373
3063,3243
3064,535
3065,535
3066,3149
3066,2849
3068,1962
3072,323
3074,1326
3074,2490
3074,228
3075,761
3079,3343
3081,2199
3082,720
3086,3303
3087,3010
3089,2836
3089,3135
3090,117
3090,187
3091,768
3091,2004
3092,1007
3092,803
3092,2193
3093,3242
3095,881
3095,3450
3095,2694
3096,1757
3096,94
3097,1712
3097,2444
3099,3287
3099,3151
3099,3431
3100,3366
3100,2027
3100,66
3103,1491
3103,1686
3104,3067
3105,184
3106,502
3106,1879
3108,3028
3109,1823
3110,3251
3111,402
3113,2897
3114,635
3116,1846
3118,2425
3120,1542
3120,145
3120,2935
3121,1274
3121,3510
3121,1969
3122,2707
3122,2346
3123,521
3123,1783
3124,2513
3125,2154
3128,235
3128,3572
3129,1291
3130,2907
3130,1344
3131,1422
3132,1964
3133,3063
3135,1606
3136,2515
3138,3604
3138,839
3139,3544
3140,43
3141,1029
3143,3252
3143,1139
3144,751
3145,631
3149,24
3150,581
3153,721
3153,682
3163,3203
3164,2480
3167,166
3168,2923
3169,3263
3169,754
3170,3564
3171,2001
3172,943
3172,1080
3173,35
3174,3144
3174,923
3175,3139
3176,69
3176,935
3178,2498
3178,656
3179,450
3180,2659
3180,2406
3180,81
3181,3589
3181,3303
3181,2488
3182,1914
3183,2606
3183,753
3183,11
3184,1443
3185,222
3185,70
3187,2631
3188,846
3188,3257
3188,2635
3189,1238
3189,1654
3189,209
3190,1493
3191,2619
3192,1813
3193,1838
3194,583
3195,2656
3196,1884
3196,3146
3197,2330
3199,520
3199,1718
3200,958
3200,293
3201,1809
3202,50
3202,132
3202,2794
3203,1972
3204,1070
3205,954
3205,942
3208,2684
3209,2728
3209,3435
3209,2201
3210,3310
3211,2528
3211,2266
3211,0
3213,409
3216,2521
3217,2069
3217,3455
3218,1282
3219,3494
3219,1568
3219,1629
3220,2921
3221,561
3221,3303
3221,137
3222,137
3222,3044
3222,2817
3223,2209
3224,2450
3225,1016
3226,3030
3227,1144
3227,3472
3228,2103
3228,2523
3229,1494
3229,2218
3230,1918
3230,16
3231,2078
3233,669
3236,3405
3237,3521
3237,683
3239,581
3240,1725
3241,1290
3242,2899
3243,3293
3243,2122
3245,728
3245,3501
3245,2017
3248,3337
3249,1227
3249,2361
3250,179
3251,443
3252,1524
3254,1692
3254,2246
3257,321
3257,3341
3260,2263
3261,2208
3263,2586
3265,152
3265,1560
3267,110
3267,1768
3267,427
3271,675
3272,671
3274,287
3274,1894
3275,906
3281,2893
3281,2019
3282,3566
3284,2860
3285,1506
3286,3061
3286,2300
3290,105
3291,3308
3292,1922
3293,3069
3293,2862
3293,490
3295,1933
3296,590
3296,2360
3297,3264
3297,673
3297,3098
3298,2191
3299,109
3300,2280
3301,2699
3304,2114
3304,1320
3304,135
3305,1607
3305,2501
3305,3294
3306,3128
3307,1606
3307,2499
3308,355
3309,3249
3309,1939
3309,913
3310,1067
3311,1665
3313,292
3313,266
3314,527
3315,575
3316,661
3316,3462
3317,2194
3318,1715
3319,2170
3320,3588
3321,1951
3322,3404
3322,2744
3322,3463
3323,849
3324,1399
3324,3577
3324,540
3325,1420
3330,2524
3331,466
3331,740
3331,2525
3335,1859
3338,1701
3338,2261
3340,2922
3341,54
3341,2285
3341,2136
3345,1256
3345,1014
3345,813
3346,3539
3347,489
3348,3292
3348,2731
3349,2132
3350,510
3350,51
3350,43
3351,169
3351,1137
3352,660
3353,3155
3356,3070
3357,197
3359,18
3359,3284
3360,1115
3360,1991
3361,2208
3362,2727
3362,800
3362,1341
3363,1223
3364,496
3373,752
3375,2098
3375,816
3378,2394
3378,501
3378,213
3384,1340
3385,1743
3385,2578
3386,31
3386,89
3387,843
3388,2683
3390,3304
3390,286
3391,255
3395,871
3401,2697
3403,2463
3404,948
3405,3490
3405,1026
3406,3451
3412,1093
3417,2962
3418,690
3420,3105
3420,431
3422,1188
3424,2309
3425,2724
3425,3288
3425,1979
3429,1277
3429,148
3431,2389
3432,916
3434,1219
3435,2186
3435,558
3436,840
3436,1986
3436,3099
3437,509
3440,555
3441,3130
3441,834
3442,1706
3443,3067
3444,3051
3444,2377
3447,1457
3447,3132
3447,1005
3453,3497
3453,3122
3457,1529
3459,420
3459,3381
3460,1738
3460,347
3466,2815
3466,3562
3466,432
3468,615
3469,3515
3469,2400
3474,1739
3474,2737
3474,1963
3475,1512
3475,755
3475,2961
3477,1205
3478,87
3478,3298
3478,2590
3480,1954
3480,2529
3481,3146
3488,3439
3491,1946
3491,961
3492,2129
3496,3590
3496,2438
3500,3477
3500,2918
3503,1138
3503,2090
3503,995
3506,2952
3506,1373
3507,2980
3509,1746
3509,1953
3512,3513
3523,1022
3523,1473
3523,693
3524,1978
3524,1682
3524,2691
3527,229
3527,1519
3528,700
3529,197
3530,1038
3530,2254
3530,2564
3533,1854
3533,3509
3534,3436
3535,928
3535,814
3536,3274
3536,1791
3537,743
3538,2133
3538,1958
3539,2115
3540,2088
3540,2232
3540,1273
3542,872
3550,1679
3552,122
3553,2518
3553,3496
3555,852
3555,1753
3557,3522
3557,3273
3557,609
3559,848
3559,2879
3560,989
3562,2912
3565,2408
3565,1411
3565,896
3566,806
3566,2592
3566,980
3568,1281
3570,1445
3571,1023
3571,2144
3572,2430
3572,180
3573,2425
3574,1305
3575,657
3576,266
3576,34
3577,1246
3577,2555
3578,34
3580,471
3581,2533
3583,1252
3583,2720
3584,1729
3584,1298
3584,1117
3585,3211
3586,1193
3586,1861
3588,1468
3588,3084
3588,2643
3589,2897
3590,1178
3591,2612
3592,1378
3592,568
3592,1948
3595,716
3595,2649
3595,1960
3599,3207
3599,2910
3600,2175
3601,618
3602,2365
3603,2312
3611,2599
3614,189
3615,2650
3615,413
3617,3452
3617,3338
3618,280
3618,3616
3618,886
3620,3427
3625,456
3626,732
3628,1104
3628,54
3628,3096
3630,300
3632,2292
3632,2787
3641,799
3642,443
3645,3315
3645,3206
3645,1448
3649,1765
3652,806
3654,3343
3655,2166
3655,2018
3657,3455
3658,2885
3659,2781
3659,2411
3660,3343
3661,167
3661,3177
3661,2041
3662,253
3663,270
3664,3384
3664,2580
3665,495
3665,271
3666,267
3666,1412
3667,582
3668,1443
3668,1761
3669,198
3670,2485
3672,1242
3672,3532
3672,2188
3673,374
3673,890
3674,285
3675,2016
3675,3236
3675,2358
3676,3539
3676,3564
3677,1029
3678,204
3679,2396
3679,297
3679,2994
3680,2860
3682,595
3682,562
3684,658
3685,145
3685,2935
3686,674
3689,1339
3689,83
3689,3548
3690,1680
3691,841
3691,1282
3691,777
3692,3400
3693,2076
3694,539
3695,2852
3696,2529
3696,1070
3696,1460
3697,2373
3698,713
3698,1815
3699,2351
3699,670
3700,689
3701,1225
3702,3170
3702,86
3703,392
3703,531
3704,254
3705,2260
3705,530
3706,363
3707,2753
3708,3596
3708,2956
3709,2119
3709,2637
3709,2574
3710,1716
3710,430
3710,153
3711,2625
3711,2386
3712,1082
3712,1483
3713,104
3716,3056
3717,1263
3718,751
3718,1730
3719,2006
3720,1792
3720,2174
3720,679
3722,2445
3722,2257
3723,536
3723,2177
3727,388
3729,1648
3729,1760
3729,868
3732,1699
3733,269
3733,1719
3733,45
3734,1805
3734,2105
3736,2106
3736,2458
3736,1722
3737,3180
3741,1347
3742,825
3742,2563
3747,1324
3748,97
3749,665
3750,911
3750,3109
3750,2661
3751,2615
3751,3258
3751,2687
3753,1644
3756,3343
3758,701
3758,2772
3759,3336
3761,2736
3763,2075
3763,1762
3763,2288
3768,336
3768,997
3770,1535
3770,1858
3770,482
3771,1185
3771,3163
3772,3140
3773,1516
3774,1489
3775,1589
3775,61
3775,2669
3776,500
3777,3214
3778,2142
3778,2320
3779,2543
3779,126
3780,3299
3780,1548
3781,328
3781,2033
3781,1968
3782,3215
3784,1735
3786,1583
3788,2156
3788,2303
3789,2827
3791,1433
3792,2383
3793,181
3793,1015
3794,2099
3794,2226
3795,2561
3795,1584
3797,2765
3797,715
3798,1659
3801,2425
3804,644
3804,2155
3804,3248
3805,547
3808,2716
3808,3356
3809,3053
3809,3210
3812,1239
3812,2055
3812,2055
3814,2926
3815,2319
3819,609
3820,1356
3823,2314
3823,1130
3823,215
3824,120
3824,54
3824,2136
3825,1407
3825,2378
3826,478
3826,1232
3826,2816
3830,2840
3830,789
3831,251
3834,1070
3836,991
3838,23
3838,758
3838,3323
3839,2477
3839,3506
3839,1760
3840,3187
3840,3152
3844,2422
3846,355
3846,2527
3848,2393
3854,2949
3854,3233
3862,2077
3863,2629
3863,749
3867,2112
3867,2822
3867,2134
3869,724
3870,1090
3870,3025
3870,2239
3874,2656
3878,1708
3878,3253
3879,186
3881,1566
3881,1572
3883,3430
3883,1019
3884,2614
3887,736
3887,374
3887,3325
3891,3079
3891,513
3891,1604
3896,499
3896,2622
3901,726
3904,1399
3904,3517
3904,2516
3905,3075
3906,1956
3907,2536
3908,2367
3909,1816
3910,926
3913,2384
3915,307
3915,158
3916,1608
3919,2135
3919,1084
3919,19
3920,2962
3923,1306
3923,2583
3923,1461
3926,2189
3928,719
3930,3343
3932,1420
3934,535
3935,2875
3935,2556
3936,2536
3937,2390
3937,1981
3939,1444
3939,127
3941,2783
3942,3146
3951,1189
3952,1877
3952,2291
3952,2881
3954,1658
3954,366
3956,1797
3957,2626
3958,1034
3959,782
3959,1480
3959,458
3960,1859
3961,580
3962,3412
3963,2545
3969,1145
3969,1349
3971,2318
3971,1686
3971,3028
3972,1603
3972,1686
3972,856
3973,2389
3975,1352
3979,720
3986,3390
3986,2838
3988,916
3991,1432
3991,804
3992,2179
3993,3000
3994,3516
3994,306
3994,3592
3996,2546
3997,494
4001,878
4001,1569
4002,1336
4005,966
4008,2321
4010,2935
4012,1368
4013,2079
4014,1901
4014,3302
4015,101
4015,912
4015,2117
4016,2517
4016,3478
4018,3538
4018,3547
4019,251
4020,1574
4020,3534
4021,3463
4023,21
4025,2766
4025,2748
4026,3561
4028,1196
4028,3396
4028,2616
4029,191
4029,3285
4029,876
4032,3456
4036,1152
4038,2544
4038,399
4038,3542
4042,92
4042,437
4042,3060
4044,481
4046,684
4048,3413
4048,215
4048,1354
4049,502
4049,1879
4052,3012
4053,1097
4053,1013
4053,3335
4055,3266
4055,2437
4056,1612
4057,348
4057,3499
4058,2139
4059,837
4060,2863
4061,1165
4063,3007
4065,1485
4066,590
4066,2360
4069,1208
4069,2479
4072,3057
4073,808
4075,2000
4076,211
4076,2527
4077,3397
4078,802
4080,970
4080,891
4080,3326
4081,1038
4081,2564
4082,275
4082,2290
4083,3424
4084,2335
4085,1175
4085,1472
4087,2143
4088,192
4090,1044
4090,1554
4090,2636
4091,2175
4091,2876
4093,2698
4094,143
4094,1763
4094,508
4096,344
4096,714
4097,901
4097,177
4098,2221
4103,2449
4104,443
4105,2432
4109,1865
4110,3556
4112,3337
4112,3108
4112,873
4113,1585
4113,2603
4115,2668
4116,1121
4117,1737
4117,845
4117,2939
4118,3081
4120,27
4120,2008
4121,1918
4121,2137
4122,2243
4122,830
4122,1616
4128,3517
4128,2516
4129,3548
4130,2668
4131,1733
4131,3488
4131,1916
4133,3606
4136,2901
4136,1342
4143,542
4144,2962
4146,1245
4147,2981
4147,2467
4149,2740
4150,2967
4150,1938
4150,620
4151,2252
4151,425
4152,3139
4153,3560
4153,1163
4153,3286
4154,2349
4155,888
4157,1919
4158,2830
4158,2453
4159,2442
4160,1646
4160,233
4160,1914
4161,3330
4163,3411
4164,2868
4164,3417
4166,2639
4166,2723
4167,3468
4168,822
4169,212
4170,182
4170,60
4171,2229
4171,2884
4173,300
4175,1765
4175,2208
4176,847
4177,1467
4177,3284
4178,1006
4178,1686
4179,1502
4179,1286
4180,2750
4181,3105
4181,1455
4181,556
4182,1760
4182,868
4183,1688
4183,1765
4184,1976
4185,1873
4185,2902
4185,1363
4186,3046
4188,549
4188,2802
4189,2483
4191,833
4191,1174
4191,3131
4192,2512
4194,3234
4195,2013
4195,243
4196,375
4197,3530
4197,614
4198,879
4199,1444
4199,3187
4199,3152
4200,3088
4201,864
4202,3595
4202,256
4202,306
4203,2796
4204,3092
4204,1293
4204,1592
4207,1217
4207,1412
4208,37
4209,2031
4214,3280
4214,3445
4215,3408
4216,1429
4217,3332
4217,480
4219,358
4219,1983
4224,882
4225,1513
4226,1070
4227,1765
4227,2589
4228,1503
4231,1586
4231,1773
4231,1769
4238,2234
4238,1415
4241,642
4241,2566
4246,865
4248,3531
4248,2985
4251,2755
4252,2857
4252,1822
4252,1608
4253,2297
4253,3451
4257,1312
4258,493
4258,3519
4258,3586
4259,1169
4259,49
4261,2972
4264,2757
4266,1931
4266,1796
4271,3514
4271,1066
4272,1064
4272,3245
4274,1351
4275,1452
4275,1526
4279,837
4280,3022
4281,2905
4281,2412
4282,3214
4282,3551
4285,2275
4286,2009
4287,96
4287,1091
4287,774
4288,2433
4290,2265
4291,1495
4291,688
4291,1683
4292,1254
4293,83
4294,520
4294,1718
4295,691
4295,850
4296,1881
4296,3088
4301,486
4301,1817
4303,3606
4306,1241
4307,2807
4307,2072
4309,1842
4309,617
4310,2353
4311,1353
4311,151
4312,170
4313,44
4314,775
4314,790
4315,851
4315,2819
4317,2926
4318,3512
4320,54
4321,921
4324,519
4325,3367
4325,2044
4325,1923
4328,2891
4328,2708
4328,1417
4330,2673
4330,245
4334,1632
4335,2725
4336,380
4337,154
4338,2932
4338,457
4339,1339
4339,3548
4340,327
4340,577
4341,2084
4341,1701
4342,2149
4342,2398
4343,2161
4343,1303
4343,2423
4344,2214
4346,1653
4346,795
4346,1601
4349,336
4349,997
4356,3193
4356,1302
4358,2848
4359,1684
4374,2791
4381,527
4381,1508
4382,819
4385,1605
4385,1188
4385,14
4387,1406
4387,694
4394,624
4396,2160
4400,227
4400,2763
4400,2324
4401,2824
4401,2963
4404,2805
4405,3313
4405,1045
4405,1481
4407,1698
4407,2307
4407,1190
4408,163
4410,624
4410,3398
4410,3517
4413,13
4414,3426
4415,2195
4415,402
4415,2024
4416,1761
4416,2577
4417,2721
4420,984
4420,1687
4420,853
4421,2532
4421,2172
4423,435
4423,1892
4423,1153
4425,1210
4425,1399
4425,3517
4426,3345
4426,1634
4428,2620
4430,429
4430,1182
4431,2547
4432,545
4432,1702
4434,2180
4434,3161
4436,2933
4437,52
4441,356
4441,2323
4441,3158
4442,956
4443,154
4443,2338
4443,3373
4444,642
4444,260
4445,821
4445,929
4445,249
4446,2879
4447,481
4447,1866
4452,3507
4454,1355
4454,3118
4457,2729
4458,2530
4458,2484
4458,3166
4459,2565
4459,1751
4464,2623
4467,3260
4468,1605
4477,93
4477,1092
4480,3420
4483,557
4483,237
4500,1595
4500,1867
4503,485
4503,174
4506,843
4506,2414
4509,1876
4512,2333
4512,3000
4513,477
4514,431
4515,1531
4516,3105
4516,305
4517,3380
4517,591
4518,800
4518,1341
4519,649
4519,2476
4519,2492
4522,1553
4522,1848
4523,796
4525,3232
4525,1396
4525,2136
4527,2969
4527,360
4528,1645
4528,2927
4529,3407
4532,551
4532,324
4532,2448
4535,397
4535,2851
4535,333
4536,30
4538,848
4538,2879
4539,2795
4541,1788
4541,2672
4543,2247
4543,164
4544,1399
4546,609
4546,3522
4546,3273
4548,2591
4551,2784
4553,981
4553,1602
4553,2527
4554,1060
4555,773
4556,1598
4556,1623
4557,1180
4557,1434
4559,1079
4560,2548
4560,884
4560,188
4562,2909
4562,2812
4563,3573
4564,3491
4564,685
4565,1314
4566,2738
4566,1806
4567,2127
4568,2231
4569,2110
4570,319
4570,3034
4570,377
4571,1557
4572,156
4573,1157
4574,1843
4576,3346
4577,241
4579,1416
4581,3609
4582,29
4583,1733
4583,1850
4583,2832
4584,192
4585,2869
4585,3320
4586,3129
4587,975
4587,2436
4588,2343
4590,40
4591,746
4591,2813
4592,590
4592,2360
4595,3498
4595,3100
4596,22
4597,2322
4597,3134
4598,275
4599,1309
4599,3094
4599,2060
4600,1911
4601,2334
4601,1125
4601,1121
4603,192
4604,236
4609,2215
4610,2515
4611,1609
4611,1772
4612,2741
4612,933
4615,1488
4617,1275
4617,3520
4618,1606
4620,1883
4622,1908
4623,82
4625,2661
4626,1629
4629,3227
4629,534
4633,3228
4633,2823
4634,2031
4639,854
4641,1662
4641,662
4641,101
4643,1829
4643,1333
4645,1857
4650,931
4655,2722
4655,2842
4656,489
4657,3178
4658,1253
4658,217
4659,2315
4659,1074
4663,1230
4666,1101
4667,1798
4667,2034
4671,238
4671,2648
4673,859
4676,2362
4676,1492
4677,2955
4679,339
4679,2342
4680,3421
4681,342
4682,2967
4683,1777
4683,1600
4686,3347
4687,2946
4687,3459
4688,2391
4689,351
4689,477
4691,1574
4691,370
4691,860
4692,2653
4692,2052
4693,1661
4695,880
4695,2510
4696,2233
4696,1453
4698,595
4699,1444
4699,127
4700,3522
4700,3273
4701,2233
4705,370
4707,2549
4707,128
4708,3559
4708,3349
4709,2852
4711,1974
4711,2934
4712,1125
4713,3146
4713,2268
4714,2149
4714,2398
4717,1078
4718,2868
4718,3417
4720,3409
4722,1081
4723,489
4724,225
4726,2350
4727,2676
4727,1771
4728,2951
4729,351
4729,971
4730,2080
4731,639
4732,2526
4732,2602
4732,3460
4733,2598
4733,1247
4733,2368
4734,2608
4735,234
4736,1258
4737,3472
4737,1961
4738,3375
4739,2299
4742,777
4743,239
4744,3444
4744,2164
4745,612
4745,1136
4745,2508
4746,1514
4747,3180
4747,1852
4750,3156
4751,433
4751,1563
4751,1891
4753,1776
4756,175
4758,1083
4769,998
4769,2454
4773,2600
4775,3528
4776,2246
4781,621
4782,3124
4784,1824
4784,1546
4785,3045
4785,332
4787,1308
4792,528
4797,3514
4797,161
4799,443
4799,401
4799,697
4800,1245
4804,604
4804,301
4805,865
4806,2262
4806,779
4806,3182
4807,2957
4807,2012
4807,3300
4808,686
4809,2770
4809,2966
4810,610
4811,2281
4812,2417
4814,1134
4814,1936
4815,1178
4816,2809
4817,47
4818,965
4818,548
4821,1456
4821,1209
4822,2619
4822,1930
4824,1949
4824,3368
4825,444
4826,3390
4826,2838
4828,407
4828,2630
4828,2046
4830,3473
4831,55
4833,1543
4833,2330
4834,38
4834,2387
4836,1204
4837,3148
4839,2575
4841,2705
4842,2355
4842,2654
4842,992
4843,2169
4843,134
4844,139
4845,1318
4845,3574
4845,205
4846,1359
4847,529
4847,2049
4849,1292
4849,1376
4849,2107
4850,2669
4851,2030
4852,2612
4855,543
4856,645
4859,2472
4859,259
4860,2584
4863,1224
4864,2459
4865,2503
4867,2755
4867,2378
4867,1273
4868,3358
4868,30
4869,3466
4869,420
4870,2363
4870,247
4870,1900
4871,2248
4872,2456
4872,121
4872,118
4875,3555
4875,2811
4877,282
4878,1831
4881,3270
4881,1613
4881,570
4883,776
4889,400
4889,3539
4892,1789
4892,465
4893,1113
4894,133
4895,2616
4895,668
4897,2482
4900,1830
4900,562
4901,1784
4901,3011
4903,3009
4905,244
4906,3311
4908,1957
4908,631
4910,2554
4910,3001
4918,1259
4918,3535
4921,3133
4921,823
4923,3602
4927,944
4927,646
4934,2325
4934,71
4934,2779
4942,1400
4945,1741
4945,460
4950,1444
4950,176
4950,1042
4951,2675
4951,3549
4951,2583
4957,1345
4961,3472
4963,1859
4964,2015
4965,1030
4966,3442
4967,2261
4968,1820
4969,920
4969,1826
4969,2587
4972,3521
4972,683
4972,418
4978,1670
4979,130
4979,2734
4982,1
4982,2774
4987,1451
4987,3331
4987,893
4988,146
4989,2038
4989,2760
4989,2915
4991,749
4991,2629
4999,226
4999,1161
4999,550
5001,3505
5001,1518
5001,3003
5003,347
5005,3053
5005,3210
5008,288
5009,3260
5010,2583
5010,2961
5012,1233
5015,30
5019,848
5019,2879
5021,783
5022,608
5022,2704
5023,805
5023,749
5023,2629
5025,2031
5029,354
5029,2153
5031,687
5031,75
5031,3
5032,2767
5032,381
5033,2658
5037,2551
5037,1618
5039,2855
5039,1250
5039,720
5040,2761
5041,2002
5049,3237
5050,463
5051,2244
5055,20
5057,1835
5060,2109
5071,723
5075,1789
5075,465
5076,2677
5076,2173
5077,1212
5077,2674
5077,704
5079,2991
5081,1469
5081,1836
5082,2745
5083,1154
5084,1676
5085,1775
5085,1580
5088,848
5088,2879
5090,424
5094,2240
5094,1441
5094,2880
5095,1192
5096,2864
5097,1701
5097,2768
5097,2261
5098,595
5100,1760
5100,868
5100,284
5101,168
5104,2518
5104,3496
5105,1810
5107,1699
5107,2448
5111,1262
5111,1484
5112,1155
5112,3378
5112,786
5114,1228
5114,385
5117,3016
5117,2964
5118,1886
5118,3582
5118,3352
5119,2437
5120,2996
5121,2223
5122,909
5122,3461
5122,2258
5125,647
5126,2509
5127,494
5129,1795
5132,251
5132,669
5133,3437
5134,1825
5135,2352
5137,1987
5137,50
5137,2402
5138,417
5140,16
5141,2219
5141,2381
5145,3183
5149,1294
5150,1993
5151,1907
5151,1486
5152,39
5152,2754
5154,2622
5155,1380
5155,10
5158,1245
5159,1288
5159,287
5160,1950
5160,2941
5160,88
5161,1671
5161,3125
5163,1198
5164,1191
5164,2074
5164,1962
5167,1511
5169,2275
5173,2206
5176,2463
5184,2973
5185,1033
5185,2818
5185,760
5187,1957
5188,1414
5188,2695
5188,2874
5192,2497
5192,898
5199,629
5201,3312
5202,731
5205,1917
5208,1471
5208,129
5210,1779
5213,3552
5215,3594
5216,4
5219,2159
5220,218
5220,2070
5222,2884
5222,2229
5223,2826
5230,928
5239,2118
5239,792
5240,3077
5240,2711
5242,2830
5242,2453
5244,904
5244,3290
5245,1552
5247,3442
5248,1008
5248,525
5249,2976
5249,586
5250,1871
5250,1240
5250,1713
5251,1574
5251,3534
5252,1716
5252,430
5253,1432
5253,804
5255,2791
5256,1641
5257,2018
5258,2370
5258,3570
5259,3032
5259,1003
5260,2150
5260,3303
5261,2416
5263,1340
5263,1504
5264,3244
5264,1483
5265,1624
5268,3533
5268,2273
5270,2889
5270,2678
5271,1078
5273,219
5273,1496
5273,1278
5274,3601
5275,1429
5276,901
5278,2096
5278,3146
5278,1146
5279,105
5280,2371
5280,722
5284,1748
5284,914
5285,2860
5286,119
5286,1980
5287,1262
5287,1484
5288,349
5289,1619
5290,520
5290,3155
5290,1997
5291,647
5292,1137
5295,798
5295,3189
5295,2040
5298,2016
5298,3236
5298,3050
5299,2297
5299,3451
5300,2020
5300,2890
5302,233
5302,1914
5303,1520
5303,3471
5303,1321
5304,3605
5304,875
5304,737
5305,356
5305,2323
5305,3158
5306,605
5306,2947
5306,3112
5307,1933
5309,2181
5309,3055
5309,607
5310,780
5311,254
5311,784
5312,999
5312,3442
5313,1357
5313,2983
5320,2296
5320,3194
5331,2385
5335,2780
5335,3230
5336,1409
5336,3222
5340,1965
5341,819
5344,2284
5346,12
5351,2534
5351,1899
5357,2877
5365,1394
5368,1606
5370,3026
5370,993
5370,3001
5371,454
5374,855
5374,985
5380,2077
5383,3062
5384,1459
5384,3107
5386,2073
5386,1183
5392,1276
5393,2604
5394,155
5394,2895
5394,552
5395,2825
5396,3511
5397,3058
5398,3069
5398,2862
5401,1704
5401,2094
5401,2785
5402,3545
5403,1669
5406,3277
5408,444
5409,3539
5410,2011
5411,2167
5415,2679
5415,1046
5417,95
5417,2237
5418,483
5418,302
5419,3036
5419,1534
5420,1386
5420,1408
5420,1752
5422,1964
5423,2831
5424,2681
5424,2301
5424,894
5425,3137
5427,1510
5429,1807
5429,578
5429,1928
5432,3173
5434,750
5434,248
5436,1446
5438,1331
5440,2592
5440,3198
5441,3376
5442,3453
5442,3033
5442,2310
5444,3597
5445,1316
5445,1043
5445,3164
5447,1195
5450,452
5450,1575
5450,784
5453,2665
5455,1024
5455,677
5456,2472
5457,1799
5457,2912
5458,1726
5458,1887
5458,2621
5459,1055
5459,3190
5459,1888
5461,22
5461,2709
5463,268
5466,3117
5466,3489
5468,2336
5468,3196
5468,1264
5469,860
5471,2844
5474,173
5474,474
5475,398
5476,2152
5477,871
5477,2147
5480,3175
5485,2520
5485,3072
5486,1705
5486,1311
5498,1833
5498,1611
5502,749
5502,2629
5510,1749
5517,3174
5517,2804
5517,3120
5518,1986
5518,1051
5518,2567
5522,2706
5522,3339
5522,141
5523,3297
5523,2123
5524,3396
5527,395
5529,2788
5530,1567
5532,2660
5532,1685
5534,1699
5534,2372
5536,2616
5537,3567
5537,2616
5537,1343
5540,1262
5540,1484
5541,2189
5543,1030
5544,574
5545,3587
5545,580
5547,1862
5547,2940
5547,3345
5548,2390
5550,3432
5555,1338
5556,491
5556,2216
5557,1418
5558,1265
5562,1904
5562,2846
5564,2783
5564,3402
5564,5
5566,2056
5566,429
5569,2875
5569,1054
5569,3305
5570,1544
5571,703
5572,1614
5572,223
5572,2682
5575,278
5581,2031
5584,2547
5589,3333
5589,2718
5590,602
5592,742
5592,445
5592,445
5593,514
5594,2031
5596,3344
5597,641
5599,3364
5599,3495
5599,1071
5601,2829
5601,1462
5601,412
5602,1077
5606,1614
5606,2682
5616,199
5621,1617
5624,1215
5624,1388
5630,2125
5630,1545
5632,2656
5635,85
5637,3064
5637,2773
5641,3239
5647,1474
5647,2225
5647,3106
5650,1076
5650,1282
5653,147
5656,1905
5656,3082
5656,623
5657,408
5659,1926
5660,2936
5660,41
5662,3202
5663,2850
5664,3037
5664,2984
5664,1420
5665,1345
5667,496
5667,2837
5667,54
5668,3536
5669,1470
5670,164
5671,1073
5671,3555
5671,2811
5672,234
5673,2163
5673,2413
5674,3610
5674,1384
5674,1547
5677,602
5678,502
5678,1879
5679,2428
5679,115
5680,1801
5681,1367
5683,3611
5683,2628
5683,3191
5684,3282
5685,3537
5686,1973
5687,3434
5688,533
5693,2945
5693,2187
5694,2713
5696,1330
5696,1362
5698,3040
5698,3429
5699,3348
5699,1218
5700,3390
5700,2838
5700,1628
5701,543
5702,2789
5703,3362
5703,2249
5704,281
5704,3209
5704,2415
5705,2987
5706,251
5706,2045
5708,636
5710,3336
5711,589
5711,2256
5711,1086
5712,3014
5713,131
5714,1500
5715,2465
5719,484
5720,389
5720,2380
5721,3087
5721,1014
5721,813
5724,1811
5727,38
5727,2387
5730,1912
5731,2439
5731,747
5732,3197
5733,2729
5734,3354
5735,1047
5735,1787
5735,3525
5736,2756
5739,337
5739,1498
5743,255
5754,2251
5754,352
5755,3004
5755,2641
5759,3446
5772,2491
5772,1587
5772,1442
5773,2279
5773,2054
5774,553
5780,751
5782,766
5782,2464
5788,2152
5795,314
5797,2204
5800,76
5800,1027
5802,974
5803,67
5804,2294
5804,3385
5806,1438
5807,3500
5807,1869
5808,1906
5809,291
5809,708
5810,380
5811,2571
5813,3598
5815,3260
5816,2900
5817,2255
5817,1358
5818,3351
5819,2848
5820,848
5820,2879
5824,904
5824,3290
5825,50
5825,3101
5825,132
5826,1037
5826,2198
5826,310
5827,1194
5828,3565
5830,3539
5831,902
5831,1199
5832,1589
5832,2669
5833,698
5834,489
5835,117
5837,2618
5838,2576
5838,1078
5838,2403
5839,978
5839,2942
5839,396
5841,2024
5844,2295
5846,1304
5847,1329
5847,2663
5848,143
5849,1047
5849,1787
5850,400
5850,861
5851,2638
5851,1296
5852,453
5852,124
5853,3539
5854,2305
5854,3081
5857,3146
5859,1870
5860,3235
5860,3196
5862,2979
5864,3441
5864,1166
5864,1571
5866,90
5867,2726
5868,1855
5868,1317
5869,2797
5869,2607
5869,932
5870,1025
5870,564
5871,1401
5872,3085
5872,79
5872,2410
5873,3253
5873,2062
5874,2493
5874,663
5875,964
5875,329
5875,3035
5876,788
5879,1279
5879,1382
5881,2463
5882,2656
5883,2190
5883,2486
5884,1085
5885,426
5892,1063
5896,2047
5896,637
5897,3240
5897,1395
5903,1128
5929,261
5929,3073
5934,468
5941,2619
5941,1930
5943,2236
5943,1561
5944,1286
5948,2206
5951,424
5956,2957
5957,2082
5958,221
5961,865
5961,2702
5962,2404
5963,428
5963,73
5965,982
5966,231
5971,2053
5973,3309
5974,3386
5975,2274
5975,256
5975,306
5976,2554
5977,1458
5978,2558
5978,2183
5978,1375
5979,2747
5980,3591
5980,3104
5982,758
5982,3323
5983,279
5983,1202
5987,522
5987,1694
5987,773
5989,3554
5989,1433
5990,3504
5992,2197
5993,3568
5993,194
5993,1635
5994,3475
5994,2220
5994,3200
5995,699
5996,1590
6001,1969
6001,482
6003,2026
6007,1383
6007,600
6008,1707
6008,1610
6008,2651
6009,2800
6009,1410
6010,121
6010,118
6010,1837
6013,1605
6015,2644
6020,1239
6022,3147
6022,3076
6022,3041
6023,3047
6023,2581
6024,1088
6024,2345
6027,1934
6028,481
6033,2582
6036,395
6036,404
6036,2407
6040,1266
6040,2091
6044,1475
6045,842
6045,897
6046,1800
6046,1637
6046,368
6048,1251
6049,341
6050,2605
6054,3392
6061,1310
6067,759
6071,1465
6075,3106
6075,2225
6075,1770
6077,472
6081,2014
6081,1875
6085,2059
6085,1098
6085,1710
6088,82
6098,2733
6098,523
6101,555
6107,3307
6107,2992
6108,1039
6109,2337
6111,1717
6113,827
6113,1200
6114,195
6116,1532
6116,2680
6116,2140
6119,1890
6120,2121
6120,518
6121,252
6123,836
6123,806
6124,3278
6124,3231
6125,502
6125,1879
6126,3255
6127,1270
6127,3493
6128,2448
6134,3241
6136,898
6136,2896
6138,3558
6140,1482
6141,3358
6141,2472
6146,371
6148,91
6149,2879
6150,403
6150,2657
6151,676
6154,433
6154,1563
6154,2915
6158,2624
6158,2870
6160,100
6160,2622
6160,2418
6161,2808
6161,2194
6162,2031
6164,163
6168,3394
6168,1132
6168,1142
6169,1379
6176,1578
6177,3387
6177,3379
6180,3536
6189,1167
6191,2401
6194,1319
6197,3548
6198,3023
6205,3195
6205,1365
6217,3086
6221,3078
6223,140
6223,2572
6223,807
6224,2228
6224,1638
6226,3080
6227,2937
6227,276
6227,206
6228,1856
6228,3539
6229,880
6230,1999
6232,3066
6235,3145
6236,2495
6237,3467
6239,1427
6240,2334
6240,2221
6241,1848
6241,1553
6241,3275
6242,1001
6242,1521
6244,2427
6244,1740
6245,250
6245,2835
6245,1315
6246,2443
6247,874
6247,959
6247,1231
6255,986
6255,3005
6256,3321
6256,108
6256,2560
6263,1849
6263,54
6263,2136
6265,1819
6266,832
6266,1272
6268,757
6268,569
6269,1010
6269,285
6270,2858
6271,1560
6271,152
6271,1364
6272,712
6273,1463
6273,157
6278,781
6278,312
6279,406
6280,1853
6285,2636
6287,2366
6287,510
6287,51
6289,763
6290,817
6293,2300
6294,144
6295,3185
6295,3543
6296,625
6297,3612
6297,2903
6298,3508
6300,3268
6301,3546
6301,203
6302,1180
6302,1434
6303,1591
6304,628
6305,3433
6311,2719
6312,1375
6314,1129
6316,1111
6317,1785
6317,1555
6317,3529
6320,1901
6320,1732
6320,3302
6322,2911
6322,1428
6327,3327
6329,3504
6329,2884
6344,1413
6344,2595
6347,1821
6349,384
6351,584
6354,950
6354,680
6355,862
6362,1020
6373,1793
6380,2769
6383,1116
6383,1126
6383,1374
6385,859
6385,2066
6390,183
6398,3308
6400,2057
6401,2696
6403,3205
6404,3159
6405,1780
6406,2490
6407,2666
6408,3260
6409,270
6410,473
6410,1655
6411,2022
6411,303
6411,1012
6412,3028
6412,1686
6413,449
6415,190
6415,2126
6417,2275
6421,1301
6422,595
6424,2021
6425,844
6425,1988
6426,2162
6426,979
6426,1106
6428,2225
6429,2430
6433,2504
6433,469
6434,1915
6435,1087
6436,1744
6436,3051
6436,2377
6437,1859
6438,1686
6438,1491
6439,272
6442,1423
6442,2399
6443,2953
6444,214
6445,2450
6447,1307
6447,3481
6449,3374
6449,642
6449,1431
6452,3523
6452,2713
6453,836
6457,1267
6458,3062
6460,1920
6461,2005
6461,1028
6465,1596
6467,632
6468,1699
6468,2039
6469,1049
6473,8
6474,2841
6475,1778
6476,2500
6477,2409
6478,1367
6478,957
6478,938
6480,42
6480,3580
6481,1754
6481,3027
6484,3408
6484,2151
6488,571
6488,423
6493,2771
6498,1656
6498,1112
6498,2003
6500,167
6500,3177
6502,3113
6503,829
6503,1370
6504,1420
6597,3250
6659,1195
6666,7
6671,793
6671,3360
6682,2588
6691,1195
6701,2853
6714,3377
6714,977
6717,1902
6717,1170
6726,2590
6732,2764
6746,2809
6751,3153
6762,765
6777,1234
6778,444
6778,487
6778,1609
6780,111
6780,1711
6781,485
6781,3422
6782,655
6783,2514
6785,2514
6786,2514
6788,910
6788,3361
6789,2144
6792,306
6792,3595
6821,1176
6842,2374
6842,3272
6855,576
6860,2494
6867,3457
6897,1786
6897,3416
6897,265
6897,2690
6899,2168
6900,3389
6900,1133
6902,918
6919,3249
6919,913
6925,2230
6925,1060
6930,2278
6930,1249
6935,3249
6935,2988
6935,594
6938,3103
6939,2142
6939,2320
6941,924
6943,193
6946,467
6948,306
6948,3595
6949,924
7019,1447
7043,3116
7060,1289
7085,3336
7085,3048
7087,3094
7087,2655
7088,2730
7090,1998
7091,1334
7093,984
7101,2616
7103,1706
7105,2645
7105,2995
7106,2377
7106,3051
7108,3251
7118,579
7118,764
7118,1651
7119,3201
7121,733
7122,3465
7122,1271
7122,835
7122,949
7126,2357
7132,532
7134,113
7134,3454
7136,2316
7137,116
7137,3484
7143,3350
7153,1731
7160,1937
7165,2959
7168,315
7168,2023
7171,606
7171,3315
7171,2010
7172,2043
7173,2043
7177,444
7177,3002
7178,2124
7178,1127
7293,1053
7302,2085
7304,232
7307,208
7332,919
7343,2250
7353,1876
7353,976
7357,945
7360,1677
7362,1375
7368,810
7378,378
7378,3289
7380,2089
7380,987
7399,2956
7399,1703
7436,1844
7473,2960
7473,2097
7492,416
7500,325
7515,2245
7518,1300
7519,1763
7519,1570
7519,2971
7519,508
7522,410
7582,2095
7654,2086
7667,3039
7667,1366
7669,3052
